id,review,target
train_0,이런 최고의 영화를 이제서야 보다니,1
train_1,안봤지만 유승준나와서 비추.,0
train_2,시대를 못 따라간 연출과 촌스러운 영상미.,0
train_3,원소전 굿,1
train_4,ㅋㅋㅋㅋ 개봉영화평점단사람이1명 ㅋㅋㅋㅋ,1
train_5,실화라니 너무 가슴 아프다...,1
train_6,뭐야 이거ㅡㅡ폴 워커 믿고 볼 영화는 분질뿐인가,0
train_7,갑자기 생각나서 오늘 다시봤는데...역시...말이 필요 없네요,1
train_8,주님 사랑합니다. 행복합니다.,1
train_9,하드보일드 액션...그건 봐줄만 한데...스토리가 약해...그래서 설득력도 떨어지고,0
train_10,믿을수없어 이렇게 평점이 높다니ㅋㅋㅋㅋㅋㅋㅋㅋㅋㅋㅋㅋㅋㅋㅋㅋㅋㅋㅋㅋㅋ,0
train_11,스토리가 좀 아쉽긴 하지만 나름 설레면서 봄,1
train_12,춘추전국시대에 공자를 비롯한 그 제자들이 어떤 삶을 살았고 어떤 삶을 살고자 했는지 절실하게 느낄 수 있었다.,1
train_13,공수창 감독ㅋㅋ알포인트로 살짝 말아먹고 gp506으로 시원하게말아먹어서 되돌아올수없는 구렁텅이로 운지ㅋㅋㅋ영화계에서 안보이니까 속이 다시원하네ㅋㅋㅋㅋ,0
train_14,엄청울었다 새엄마랑딸스토리넘슬펐음 영화도 특유의한국느낌제대로나게 잘만들었던데 평점이 너무낮다봄 8.2점정도가적절할듯,1
train_15,오백원준다니 일단 적어근데 보기전에 적으라는건 뭐냐ㅋㅋ보고나서적으라고 뜨던가,1
train_16,포스터의 눈빛.....하지만 아버진 우릴 사랑한단다,1
train_17,처음에는 낯설지만 볼수록 몰입되네요,1
train_18,억지감동 장애인에 대한 편견이 없었는데 오늘 이후로 생겼다. 장애인이 짜증난다 미쳐버릴거같다. 주인공이 좀비같았다.,0
train_19,역시 장근석은 일본영화도 참 잘찍는 멋진 배우다.,1
train_20,와우 지금 아이돌하나 섭외해서 리메이크해도 충분히 흥행할꺼야.,1
train_21,현실과 환각 사이를 오간다. 정신 없다.,0
train_22,와 젠장 이제 빌런들 다 죽었다,1
train_23,얼굴 시꺼먼게 먼 죄냥....,0
train_24,OOO기력 김남길 !!!,1
train_25,정말 대박 이네요 왜이제서야 봤을까 ..극장에서 봤으면 감동 두배,1
train_26,무턱대고 날라다닌다고 좋은 액션이 아니다. 스토리도 구성이 중요하듯 액션도 구성이 중요하다고 보는데 내기준엔 스토리뿐만 아니라 액션도 별로인듯,0
train_27,비스트 짱 ! 화이팅!,1
train_28,쓰레기영화인듯.개막장영화,0
train_29,"2015년에 본것중 최고 지루한 영화.장르가 판타지,코메디 라고 나오는데....백보 양보해서 판타지는 인정하는데 도대체 어디에 코메디가 있었는지? 헐리웃영화모든 장르서 다나오는 그 흔한 미국식 조크마져도 한번도 안나오던데.애초 감독의 의도를 모르겠다.",0
train_30,아오이유우에게 있어 아쉬운 영화.,0
train_31,대박....,1
train_32,"미안, 1편이 걸작이라 1편에 먹칠한 2편에게 2점 이상 주는건 범죄야 범죄",0
train_33,평점으로 장난하지마라.. 쓰레기들 80년대 미국공포영화 따라하기 급급한 스페인. 내용도엉망 연출도엉망 실제점수는 3점정도가 딱맞음,0
train_34,존나 내5천원내놔,0
train_35,댓글보니 조금 이해가 된다 두산을 비꼬우고자 한 의도를 사람들이 높이 평가한거구만,0
train_36,완전 기발하니 웃겨요 ㅋㅋㅋㅋ,1
train_37,정말 가슴 찡한 이야기였습니다. 어디 가도 이렇게 가족애가 따뜻한 드라마는 없을 것 같아요.,1
train_38,정신없는전개가 딱 일본 야오이순정만화 수준.흐름이끈겨몰입도안된다.,0
train_39,"1편도 별로였는데, 더 별로다 ㅡㅡ;",0
train_40,명작이다. 크리스틴 연기가 뇌리에 남는다. 비노쉬 역시 아름답고 배우로서 매력적이다. 감독의 천재성과 각본의 탁월함. 그리고 음악까지...계속 보고픈 명작이다.,1
train_41,정말이에요,0
train_42,귀여움 가득한 어른동화,1
train_43,심장이 터질 것 같아요. 너무도 사랑스러워서 미소가 줄곧 입에서 떠나질 않았습니다.,1
train_44,좁은공간에서 벌어지는 심리싸움과 생각지도 못한 반전에 놀람,1
train_45,난 혼자사는데 보면서 가족안에 있는 것 같은 따듯함이 느껴졌다. 끝나고도 여운이 한참이나 이어졌다.,1
train_46,신세한탄 영화. 솔직히 보기거북이토끼경주해서 누가이김?,0
train_47,난재미있었습니다~추천ㅋ,1
train_48,전형적인 일본 또라이사상의 쓰레기영화,0
train_49,전투력이 T1000 뺨치는 문정희. 분명 뒤졌는데 다시 살아난 불사조 전미선.. 이 영화에 나오는 여자들은 절대죽지 않는 좀비들임.,0
train_50,출연 배우가 아까울 정도의 어딘가 많이 어색하고 부조로운 영화,0
train_51,이거예전에상영햇던거아닌가용 잼께봤는데,1
train_52,이런 오글거리는 제목은 참 오랜만이다,0
train_53,시도는 좋았으나 후반에는 이것도 저것도 아닌 영화.,0
train_54,명작 ㅋㅋㅋㅋㅋ꼬맹이들 무술 실력이...,1
train_55,동굴씬에서의 임처하의 아름다움만으로도 이영화의 유치함은 빛난다,1
train_56,볼만한 트럭 액션 속의 밋밋한 캐릭터와 겉도는 배경음악.,0
train_57,지성이면 감천 끝났다! 신난다!,0
train_58,역시 역사는 잔인하다.,1
train_59,괜찮은소재 하지만 머리를 비우고 보시길...,0
train_60,이것은 1점이 아니다 11점을 주고싶은 내 간절한 마음이다,0
train_61,"50분정도 보다가 나왔는데,무슨내용인지잘몰랐던;약간 지루함;",0
train_62,신파로 자유의지의 당위성을 역설하려는 그 화법부터가 형용모순이다.,0
train_63,진짜 해도해도 너무한 영화. 이걸 돈주고 본게 정말 치욕적이다,0
train_64,평점은 믿을께 못된다는걸 다시금 증명한 영화,0
train_65,왜만든거야?,0
train_66,"이 영화 본 내 시간과 돈이 더 대단하다, 정말 OOO중 OOO",0
train_67,"임산부, 노약자 아니더라도 절대 관람불가",0
train_68,저는 굉장히 좋게 봤어요 과거 회상과 농촌의 잔잔함이 편안함을 안겨줬어요,1
train_69,"긴장감 넘침, 소련의 폐해도 동시에 볼수잇엇음",1
train_70,정말 나더러 어쩌라는 건지 알 수가 없다,0
train_71,해피엔딩이 아니라서 아쉬워 하는 사람들. 하지만 인생은 해피엔딩이 아닐때도 있다.,1
train_72,쩝 별한개보다 작은거없나..,0
train_73,사소한부분도 신경을 많이쓴 한국판 돈이울고있다.,1
train_74,저 훌륭한 배우들로 쓰레기를 만드는 재주.,0
train_75,라이브를 하실만큼들은 다 안되시는듯!,0
train_76,"노사관계론공부를하고나서보니 좀더와닿았고,미국의 다문화에대해 다시생각하게 해다",1
train_77,억지스런 면이 느껴지네요..,0
train_78,왕중왕전이라고하고 똑같이 따라부르는사람을 뽑는게아니고 노래잘하는 사람뽑는프로히든싱어? 차라리 히든 슈스케 라고 해라,0
train_79,어릴때 친구집에 VCR이 생기고나서 정말 테잎다늘어지도록 본영화가오싱이랑 터미네이터대 홍길동 이었는데....ㅎ,1
train_80,삼류인생들의 이야기 리얼하며 한편으론 재미있다,1
train_81,통속적이고 진부한 교훈.,0
train_82,퍼펙트 싱어 의도는 뭔지 알겠는데 음정 에만 온 정신이 쏠려있으니까 노래에 집중이 안됨,0
train_83,완벽에 가까운 드라마.,1
train_84,"최고다,, 요즘 미드는 시시하다,,",1
train_85,패러디 영화는 실패한다,0
train_86,이은미 '그녀이름은 DHR'에서 인상적으로 봐서 조금은 기대하고 봤는데.... 완전 개족보...,0
train_87,아무리 소피마르소가 좋아도 영화 평점은 객관적으로 줘야 하지 않을까?5점도 주기 아까운 영화. 평점 낮추려고 1점만 줌.,0
train_88,답도없고 철도 없던 그시절.. 잊고 있던 풋풋하고 설레였던 그때 그기억이 감성과 함께 생각나서 좋았습니다.,1
train_89,ost듣다가 영화도 보았습니다. 정말 감동적이고 좋았는데 성우가 조금 아쉬운 영화였습니다. 전문 성우를 썼었으면 더 애절했을텐데.,1
train_90,0점못주냐 ㅡㅡ 이제와서 평점매기는데 이영화보고 지금도 할리우드에서 판타지 냈다 하면 절대 안봄. 에라곤 보고 이걸 봐서 콤보데미지 처먹고 지금도 학창시절 트라우마로 남은 쓰레기영화,0
train_91,조금유치하지만 가볍게 볼수는 있는영화네요!,0
train_92,의사가 살인하는 마지막 장면...어쩌라고...@.@,0
train_93,하하하하하! 이런 영화도 있었군!!!!,1
train_94,개봉할때 영화관에서 보고 블루레이로 소장해서 몇번씩 재탕해서 봤습니다. 개인적으로 살면서 본 sf 영화중에 최고입니다. 특히 사운드가 미칠듯이 잘어울립니다.,1
train_95,이거 영화관에서 본사람??? 난 봤다..그것도 돈주고,1
train_96,"(구혜선감독이라는 편견을 버리면) <- 왜 다들 이런 생각을 하는지 모르겠다.. 구혜선감독이 영화만들면 이상한가?난 구혜선감독이 이라고 생각하면서 봤는데, 정말 훌륭했다...",1
train_97,개인적으로 서지석씨 팬이라 기대하고 봤는데 여자분 도저히 누구인지도 모르겠고 보면 볼수록 많이 헷갈려서요 다른사람한테서는 몰라도 저는 그다지 이 영화랑 취향이 틀린 것같아서 좀 지루했어요,0
train_98,별점 매겨달라하는것도 뻔뻔하게 느껴지는 쓰레기 드라마,0
train_99,죽은 시인의 사회가 느껴지는 감명 깊은 댄스영화!,1
train_100,ㅋㅋ오늘 티비에서 해줘서 평남기로오신분들많네. 진짜 최악이다 ㅋㅋ 연기도못하고..어떻게이런영활만들지 ㅋㅋ,0
train_101,사랑은 무죄,1
train_102,What a great drama!!!,1
train_103,Space Jason!!!!,0
train_104,뻔하고 이해하기 어렵다,0
train_105,소설 보고 기대했는데 긴장감도 없고 캐릭터를 너무 바꿔놨음,0
train_106,별점 하나도 주기싫은 영화,0
train_107,킴 베이신저 너무 이쁘고 연기도 잘 하네요...,1
train_108,즐겁게 본 성장 영화! 화이팅!,1
train_109,오늘 EBS에서 봤는데 재밌네요.,1
train_110,영화는 1점 휴잇땜에+3점,0
train_111,실화고 뭐고 영화가 재미가없네요,0
train_112,"주님 저를 당신의 도구로 써주소서. 위로받기 보다는 위로하며, 사랑받기 보다는 사랑하게 하소서. 제가 사랑받지 않음을 두려워 하지 않고, 언제나 사랑하게 하소서 아멘.",1
train_113,어제1보고 오늘2볼라고했는데 평점먼저봐서다행..어제의 1편을기억하고살아야지..,0
train_114,돈을 붓다....... 영화 별로에요....,0
train_115,홍승희 완전 대실망! 혼자 착한척 이쁜척! 노경이ㅇ버리고 탭태범이 를 선택하다니! 나 이제 안봐,0
train_116,윤아가말이되나요제발다시생각해주길바래요ㅜ진짜연기자다운사람으로진짜어딜윤아가 .. .. 제발거짓말이라고해줘요,0
train_117,영화에 정신이 말려드는 느낌ㅌㅋㅋㅋ,0
train_118,호 반장님이 과거엔 범죄자였는데 개과천선한건가? ㅋㅋㅋ,1
train_119,소재는좋았는데..너무지루했다,0
train_120,스토리는 전편에 비해 현저히 떨어지나 액션 그자체는 손색이 없다.,1
train_121,갈수록 질질 끄는게 짜증남 너무 돌리고 돌리고... 좀 더 깔끔하게 진행시켜라,0
train_122,충무로한국영화알바있는거확신했다 평점이 오점대라니!!,0
train_123,내인생 최고의 명작 시리즈,1
train_124,여자친구랑 보는데 무슨화장실에같혀서 찾는거밖에안나와 돈 아까워,0
train_125,이 영화보고 당뇨병과 고혈압을 완치할수 있었습니다.,1
train_126,간만에 제대로 된 영화본듯 정말 감동적이다.,1
train_127,이렇게 신나는 가족이야기가 또 있을까??^^,1
train_128,생각보다 너무 재밌어서 놀랬다,1
train_129,"3번봤음. 볼때 마다 재밌음. .꼭 추천해주고 싶은 영화입니다. 개봉한지 오래되었지만, 평점 남김.",1
train_130,성룡영화중 최악 .. 차라리 러시아워가 훨씬 나음,0
train_131,간만에 재밌는 뱀파이어 영화. 그 유명한 프리즌 브레이크의 마이클이 완전 두꺼운 안경을 쓰고 인턴으로 단역으로 나온다. 첨엔 못 알아볼 정도 약간 촌티가 나지만 역시 섹쉬~한 마이클 스코필드,1
train_132,시사회보다가 뛰쳐나왔는데;;;대체 코미디랑멜로는어디에;,0
train_133,괴수영화는 단순무식해야 하거늘,0
train_134,음악은 사회에 어떻게 봉헌할 수 있는가를 보여주는 멋진 프로젝트!!!!,1
train_135,재미없다,0
train_136,허수아비들이 권투선수네,0
train_137,PTA감독 좋아하긴 하는데 이영화는 좀... 너무 난해한건지 재미가 없는건지 별로였음. 8점대는 아닌거같음,0
train_138,지금 만나러 갑니다 ....,1
train_139,아ㅋㅋ그저꼐 시혐기간에 누나랑 모르고봤는데 진짜 완전재밌게봣어요 ㅋㅋㅋㅋㅋ,1
train_140,아 나도 사랑하고싶다...,1
train_141,아이들 영화지만 속내는 어른들 영화,1
train_142,재미있음..ㅋㅋ,1
train_143,잔잔하고 따뜻하면서 살짝 유치하지만 발랄해요. 흑인 소녀가 주인공이네요. 가벼운 가족영화 보고 싶을때 딱입니다!!,1
train_144,"예상은 했으나, 시간때우기로도 아까운 영화 .",0
train_145,유쾌한 영화ㅎ 모모코도 예쁨~,1
train_146,신나고 우습고 씁쓸하고 짠하다. 빛나는 이정현을 보니 배우는 감독을 잘 만나야 돼.,1
train_147,지루하진 않았지만 별로..,0
train_148,이건아니다 진짜 ㅡㅡ,0
train_149,일본인 특유 오바하는 종특이 별로다...무슨 그렇게 대단한 의미가 있을거라고 기대하는 팬이나 거기에 맞출려고 발버둥치는 제작진들의 모습이 보인다,0
train_150,영혼이숨쉬는노래역시조용필형님,1
train_151,지금까지본외화중에최악...하지만볼만함,0
train_152,조지가 귀엽네ㅋㅋ,1
train_153,네이버 평점은 믿을게 못된다.,0
train_154,그나마 유승호연기가 볼만함,0
train_155,역사보다 그냥 막장 치정극(베드신)에만 치중(?)한 듯...출연한 배우들의 연기가 아깝다...,0
train_156,성룡 영화중 가장 어설픈 것 같은데요..,0
train_157,이영화때문에 아직까지 스타일잘바꾸는 여자가 이상형이라는거,1
train_158,동서양문화적차이;오히려더글라스가불쌍함여자가 거기서총을쏜건어이없음ㅋ결말이부실,0
train_159,10점 만점에 100만점정도 됨. 진심임,1
train_160,감동적이고 통쾌하고 유쾌한 해피엔딩!!멋진 퀴어영화,1
train_161,와 순정마초 개쩐다 멋지심,1
train_162,너무나 간절하고 절실한 사랑의 외침! 오래만에 가슴이 저렸다,1
train_163,정말 최고의 영화다..................,1
train_164,이 영화 본 후 '국화꽃 향기'는 더이상 신파가 아니었다.,0
train_165,결국 그렇고 그런 영화,0
train_166,악도이란 신선함과 유쾌함,1
train_167,내가 태어난 해에 나온 영화 ㅋㅋ 이 영화를 이제야 보다니 10점도 부족하다~,1
train_168,이런 영화 잘안봤는데..내용이 잼있네요...여주인공 청순돋네요~~흐흐,1
train_169,마지막에 성모 마리아를 찾아내는 장면은 정말..,1
train_170,일점도주기싫은영화...영화왠만하면다재밌게보는편인데 보다가하품하며자버린영화는처음.,0
train_171,조금 늦게 나와야 했었어,1
train_172,악평글을 지인 총동원해 쓰는거같은 글들도 있는듯~~ 힘내세요.~~ 걍 무시하는게 최고인듯,1
train_173,"뻔한 애기, 뻔한 스토리, 전혀 개연성 없는 각본, 뭣 하나 칭찬 할 것이 없는 미국에 의한, 미국을 위한, 미국의 영화...잭이 라이언의 액션이 진짜라면 우리나라 해병대 나온 사람들 모두 날라 다니겠다.ㅋㅋ",0
train_174,터미네이터 못지 않은 카리스마와 많지 않은 대사로도 충분히 내면을 보여준 러셀의 연기~훈훈한 마무리도 좋았다.,1
train_175,"영화자체는 솔직히 6~7점 정도인데 소피 마르소 미모때문에 10점 줌ㅋ 인간적으로 저때 소피 마르소는 너무 사랑스럽다, 인형같아",1
train_176,이영화너무좋음몇년전부터벌써4번째봄ㅎㅎㅎ,1
train_177,마음이 따뜻해지는 영화,1
train_178,킬링타임용으로 볼만했고만 평점이 왜 이래? ㅡ ㅡ,1
train_179,완정 재미있어요 짜릿짜릿,1
train_180,첨에 좀비 어찌고 저찌고 아무튼 보면 개후회하는 영화,0
train_181,잼이떠여,1
train_182,우연히보게되었는데 계속 보니까 너무 좋더라구요.,1
train_183,장예모감독 영화 좋아하는 분께 강추,1
train_184,앤의 옛날성우가 그리웠다.. 조금만 더 차분한 목소리였으면 ㅠ,0
train_185,"사람을 섬기는 자, 세상을 얻는다.",1
train_186,다른분들처럼 저역시 메리다 목소리가 넘 거슬리네요~메리다 더빙을 성우분이 하셨다면 느낌이 많이 달랐을 것 같아 많이 아쉽네요....,0
train_187,언제 끝나나 기다려지는 영화. 암담한 현실속의 삶을 그냥 조용히 보여주는 밋밋함. 말만 많은 우디알렌식 지겹다.,0
train_188,80년대또하나의~실베스타스텔론형님의 명작^-^,1
train_189,매운탕 끓여먹어 버릴라,0
train_190,밑에분 말에 완전 공감....,1
train_191,대박 영화이군요. 오랫만에 정말 재미없는 영화 관람했습니다. 감독이 영화 처음 만들어나 할 정도의 영화입니다. 헐리우드 액션에 스릴러는 좀 따라할려고 하는것 같지만 결과적으로 이도 저도 아닙니다. 스토리 구성이나 액션이나 모두 잘 안된것 같군요.,0
train_192,먼 얘기고 재미도 흥도 없네,0
train_193,권상우는 역시 안된다. 무조건 오버한다고 연기 되나,0
train_194,이건뭐....말이필요없지,1
train_195,"서유리 우유통 볼려고 사기당한 1인임..뭐반신반의 했으나 OO 안나옴..다 대역..게다가 스토리는 말도안됨..짱개,전기세,관리비 6개월이나 미뤄주는데가 어디있음?주인공섀키 똥 뿌직 개짜증",0
train_196,내용은 좋으나 좀 지루한영화.,0
train_197,영국판 밴드오브 브라더스. 하지만 그 이상이라고 말해주고 싶다.,1
train_198,말 할 거 있 나?,0
train_199,여자 섹시하네..,0
train_200,아내시간..,0
train_201,지금은 평점생각보다 높아서 옛날엔 몇점인지 모르겠는데 극중황정민 이름이 홍진호라서 평점낮춘거임. 역시롱은 까야제맛!지금은 평점생각보다 높아서 옛날엔 몇점인지 모르겠는데 극중황정민 이름이 홍진호라서 평점낮춘거임. 역시롱은 까야제맛!,0
train_202,솔직히 이만한 영화 찾아봐도 없다,1
train_203,그저 그랬어요 ㅎ,0
train_204,베를린보다 100배 잼있다. 그런데 고소영은 미스 인정!,1
train_205,완전황당 방금장님된 사람한테 총든2놈이 죽는다,0
train_206,뭐 있는 척 만 하다가 끝나는 영화. 척좀 하지말자 . 아무 것도 없으면 그냥 없다고 해.,0
train_207,ㅜㅜ기대없이 봤는데 너무 슬펐음,1
train_208,와 이딴 쓰레기영화 만들 돈으로 사회에 기부해라...,0
train_209,말이필요읍어,0
train_210,영화가 하고자 하는 얘기를 잔잔하게 들려주는 영화,1
train_211,유치하고 손발이오그라들어 못봐줄지경,0
train_212,이 영화 걍 노답 ㅋㅋㅋㅋ,0
train_213,재미 없네요.,0
train_214,별한개도 아깝다. 갈수록 개판이네.. 어이가 없다.,0
train_215,무죄라는 가정하에 유죄임을 밝혀야 한다! presumed innocent,1
train_216,중딩때 토요명화에서 보고...다시 비디오가게가서 빌려본...영화 ㅜㅜ,1
train_217,대단한 감동을 준영화입니다.,1
train_218,일본최고의 성우 메구미가 나왔으니 10점,1
train_219,아니 며느리 시집살이 얼마나 됐다고 멤버를 바꾸나요 작가님 이혼급중률에 동의하심?,0
train_220,즐ㄹㅋ,0
train_221,향수를 불러일으키는 90년대 영화 중 하나,1
train_222,중년 이후의 삶에 대한 성찰을 돕는 무지무지 좋은 영화. 삶을 돌아보고 싶은 분들은 꼭 보시기 바람,1
train_223,"도전을 했고 그 도전이 좌절된 사람들이라면 대다수가 공감 가능한 다큐. 실패한 것에 대한 아쉬움은 남지만, 후회는 없다.",1
train_224,인간의 만행에 대해서 다시 한번 생각하게 하는 영화!!,1
train_225,the roles play very real touching,1
train_226,참으로 만만한 신들이로다..,0
train_227,paris texas의 1/10수준도 안되는것 같습니다 TT,0
train_228,정말 재미없음,0
train_229,결코 주연급에 맞지 않는 안재모,0
train_230,마무리가 좀 어이없는 것 빼곤 아주 훌륭,1
train_231,나이것보고있다 지금..,1
train_232,이런영화에 노출을 하시다니..너무 아깝네요..다큐멘터리..아니면 디워가 더 나은거 같..,0
train_233,영화보면서 딴 짓을 하게 만드는 영화,0
train_234,이성재 너무열심히하네 허허 찰싹찰싹 찰지네,0
train_235,인생에서 일케 개연성없고 재미도없고 감동도없는건 첨이네 최고다,0
train_236,"많은 사람들이 이 다큐를 보고 우리나라 슬픈 현대사의 한 단면에 대해 깊이 생각하고 사죄하고 바로 잡기 위해 노력했으면 합니다. 말로만 듣던 보도연맹, 그 민간인 학살이 이정도 일 줄이야. 이건 명백한 살인입니다. 살인자들은 다 어디있나요?",1
train_237,뭐하자는 플레이냐..,0
train_238,마지막에 소름과 전율이..,1
train_239,끝까지 봤긴한데 전혀 이해가 안되...,0
train_240,포스터만 보면 재미있어 보이지만 내용은 감독을 죽이고 싶은 내용,0
train_241,SF가 B급일때 얼마나 안습이 되는지 보여주는 영화,0
train_242,왜!! 한국공포 스릴러 폰 이후 획기적인 영화가 나오지 않는가??,0
train_243,전세계적으로 다보는 방송에 아무리 소재가 없다고 아이들이 생선눈알 산낙지먹는 방송을 하다니. 정말 실망스럽네요.,0
train_244,시간의 흘러감이 너무도 안타까웠던 영화。,1
train_245,정말 기대 않 했는데 않하는게 남. 진심 재미없음.,0
train_246,이제그만~뭔OOO같은똑같은내용을 뭐가재밌다고?며칠을우려먹는지재방틀어도모르겟네ㅋㅋㅋㅋㅋㅋㅋㅋㅋㅋㅋ,0
train_247,레알강추................................너무 감동적입니다..........ㅜㅜ,1
train_248,오랫만에 소리내서 웃는 영화였음,1
train_249,이건뭐 알지않는가 이런스탈 좋아하면 최고다최고 ㅋㅋㅋ,1
train_250,왜이제봤을까요 감성돋는 굿초이스~,1
train_251,픽사 영화에서 가장 명작은 업의 오프닝이다,1
train_252,전쟁의 아픔을 알게해주는 작품,1
train_253,완전한 절제의 미학이다... 마지막 장면에서 오는 따뜻함..,1
train_254,하나도 안웃다가 막판에 대포 쏠때 빵터지고 활 쏠때 자지러 졌다..,0
train_255,평점에속다..아..패킷아까워..벌거벗고다니는OOO 궁디빼곤볼게엄네요..버렸어영..,0
train_256,'천사를 보았다'를 보는 것 같았다.인간에게는 털끝 만큼의 양심이 남아있다는 것과 돈이 모든 죄악을 포함하는 것을 느낄수 있다. 마지막에 여자가 의미가 담긴 표정으로 운전 하는 장면이 제일 인상 깊다. 굳이 복수 안하더라도 심판 받게 될 운명을보여줌.,1
train_257,박중훈과 차태현의 만남은 참 재미있네 ㅋㅋ 투가이즈에서도 재미있고 여기에서도 참웃겼음 ㅋㅋ,1
train_258,내가 끝까지 봤기때문에 2점. 14kg을 왜 찌웠을까. 차라리 다큐를 찍지.,0
train_259,난 이 영화가 홍상수감독님 영화중에선 제일 재밌게 본 영화,1
train_260,"고등학생들이 만든 영화보다 못할꺼같은데...야하지도 않고, 재밌지도 않고, 감동도 없고, 무언가 임팩트도 없고...관객을 무시하는 듯한 영화",0
train_261,눈물도 있고 웃음도 있고 괜찮았던 영화~,1
train_262,아니 이게 재미 없다고??,1
train_263,다니엘루이스와 아역인 휴오코너의 연기력도 좋고 전체적인 영화도 담백하다,1
train_264,이런영화보면 정신이 피폐해지는듯 좀비영화같은거보다더,0
train_265,"연기,스토리,그래픽 다 엉성한 3류 영화...아직도 이런 영화를 만드는군",0
train_266,6점대짜리 영화는 아님. 괜찮았는데 평점조절.,1
train_267,"꼬마가 너무 귀엽다. 아빠와의 관계가 너무 애틋하고 따뜻해서 영화 전반 내내 엄마미소로 보다가 후반부에서는 그만큼 더 안타깝기도 하고.. 그리고 카메라가 담은 터키의 자연은 정말 굉장하다. 단지 배경이 아니라, 자연이 주인공으로 살아 움직이는 느낌.",1
train_268,존내슈발웃김ㅋㅋㅋㅋㅋ 나도저런아버지될거야슈발바리오~~~~~~~~~페라!!오페랄라라라라,1
train_269,진짜 재미없음 '해변으로가다'보다 못한 쓰레기,0
train_270,덧없는 아름다움과 열정의 향연,1
train_271,영문 이름은 The Possession Of David O'Reilly 인데 이게 어떻게 '파라노말 포제션'으로 번역되었는지 모르겠다. 아마 영화 배급사가 파라노말 액티비티 명성 팔아먹어서 이 영화 홍보하려고 한 짓인가 본데 이거 제목 표절 아님?,0
train_272,잼있다,1
train_273,이민기 영화는 무조건 재미없음.,0
train_274,석양지가액션이아닌드라마로봐야재밋다작품성인정기존의느와르완틀린장르의영화,1
train_275,최상급 재료로 만든 최하급 요리를 맛본 느낌,0
train_276,처음 봤을 때 정말 많이 울었다. 어려운 위기에서도 가족을 살리기 위한 가장의 처절한 노력이 너무나 슬펐다.,1
train_277,굿굿굿....뭘 더 바라는가...,1
train_278,내 생애 최악의 영화,0
train_279,난 재밋게봤음,1
train_280,내 생애 최악의 영화임...,0
train_281,"모,,, 모... 뭐.... 그래서 뭐..... 모..... 모.....",0
train_282,이거 평점 조작한거 아냐??너무 높잖아,0
train_283,여기가 TDN성님이 나온다던 그 영화인가요?,1
train_284,다중인격영화의 한획을 그을만하다,1
train_285,볼만 했습니다 겉으로 보기엔 재미없어보였는데 보니까 재밌네요,1
train_286,감독새끼가......,0
train_287,티비문학관 티비문학관,0
train_288,박해미의 옛모습 잠깐 나옴ㅋㅋ,1
train_289,할렐루야,1
train_290,내게 재미와 감동 교훈을 한꺼번에 선물한 영화!,1
train_291,"처음으로 영화보다가 영화관을 나오게 만든 영화. 스토리 전개도 두서없고, 쌩뚱맞고 연관성이 없었다. 그리고 노브리딩이에요, 브레싱이 아니라",0
train_292,끝까지 집중력이 흐트러지지 않는 좋은 연기와 연출이었어요 결말도 딱이었다고 봅니다,1
train_293,짝퉁 아가씨와 약국 아저씨의 답답함. 이한위(-1),0
train_294,의상 진이 불쌍함 ㅠㅠ 의상 진이 무슨 죄가 있다고 ㅠㅠㅠㅠㅠ,1
train_295,뻔한내용 삼류영화 그리고 동북공정 중국인이 일본을 심판할자격이나 있나?,0
train_296,영화도 말아 먹는 돼지새끼가 무슨 이딴 영화 만든다고 때려쳐라,0
train_297,택시 추격씬 찍기가 귀찬나보군,0
train_298,1인이 대중에게 자신만의 그림을 피력하고자 할때 그 표현력은 대중성이 있어야한다,0
train_299,쟝 끌로드 7년사이에 확 늙었네..원래 후속작이 원작보다 재미는 떨어지지만 이건 너무 하네..,0
train_300,내 살다살다 이런 발영어에 발연기들은 처음 본다.,0
train_301,따듯하다 ^ㅡ^,1
train_302,힘찬이나온다고예고까지해서봤는데나오지도않고다음주예고도안해주고장난해요?그래도나올까해서챙겨보고있었는데나오지않네요^^진짜실망이네요.시청률올리려고그랬던거같기도하고ㅋㅋㅋㅋ어이업당ㅎㅎㅎ,0
train_303,알바들 바쁘네 ㅋㅋㅋㅋ,0
train_304,재밌다,1
train_305,여러가지의 의미가 담아져있겠지만?저는 별로 ...생각보다....무엇을 말하려는건지 몰르겠네요,0
train_306,용재티쳐와 아이들 그리고 관객의 만남은감동의 오케스트라였다,1
train_307,참신하지는 않다,0
train_308,아니..어떻게 7점이넘지...? ....한효주는이쁘다 .그래 그것뿐,0
train_309,이거무지잼씀,1
train_310,우리나라에도 이런영화가있었다니 ㅋㅋ 존잼 노래도 굿 !,1
train_311,"장점: 상큼발랄 여고생활 잘 묘사/ 교환일기장- 참신/ 감성적 영상미, BGM/ 알싸한 우윳빛 공포영화 개척 시도 단점: 광기어린 레즈, 남교사와 썸- 3류영화틱/ 애들 가둬놓고 유세떨다 가는 귀신-결말 어정쩡, 공포 밋밋/ 상상-현실&과거-현재 혼선",0
train_312,스티븐 시걸 아무리 시대지난 액션배우라지만 전성기시절 영화는 모두 8점대는 받아야됨,1
train_313,역시 이연걸님!! 나의 인생에 가장 처음의 우상이었던 그!! 이 영화 또한 정말 위대한 영화라고 생각한다. 많은 것을 생각하게 하는 영화였다. 정말 재밌게 봤고 좋은 영화 만들어주신 감독님도 정말 감사하고. 나의 우상 이연걸님께도 정말 감사드린다!!,1
train_314,"최고의 영화,잠겨있던 자유의지를 향한 정신을 깨우는것 같다",1
train_315,WTF? 나도 영어 할 줄 알아.,0
train_316,디테일한 감정 묘사 및 대사의 오묘함,1
train_317,시작 전 광고가 더 재미있음,0
train_318,방금 보고왔다; 1점을 줘도 모자란 영화다;;;진심 이런인간도 국가 내란죄로 잡혀갔으면 좋겟다;;;,0
train_319,캐릭터들 진짜 귀엽네요,1
train_320,세월을 함께한 미드 이거볼라고 11시까지 기다리다 엄마크리 맞고 몰래 기어나와서 보는 통에 긴장감은 극에 달하는데,1
train_321,화면을 왜 그따위로 잡는지...땡겼다가 또 돌렸다가좀 심하네요 어지럽고 짜증나요 내용을 떠나서 보기싫어짐,0
train_322,청리는한국 사람 ~_~,0
train_323,어릴 때 한 번쯤은 상상해 봤던 스토리. 하지만 영화로 만들기에는 역부족. 오카다 마사키 때문에 끝까지 봤다.,0
train_324,"포스터가 눈에 띄어서 보게 됐고~ 기대없이 봤는데, 생각보다 좋았던 것 같음~!",1
train_325,존내 재미있게 본 거다!,1
train_326,최고의 액션名作...마지막에 성룡형님이 손바닥이 다 찢어져가며 쇠기둥타고 고층에서 뛰어내리는장면은 압권.엔딩곡도 지금다시들어도 가슴이 설렌다.,1
train_327,모든 선택은 지가 하고 원하는데로 안되니 남한테 화풀이 후 도움 요청 여주 진심 싫다 욕먹은 뒤 도와주는 사람들도 호구,0
train_328,이렇게 슬픈영화는 처음이내요.. 저런사랑해봤으면.,1
train_329,너무 질질끈다ㅡㅡ;; 답답해 죽을 뻔 했음.,0
train_330,007시리즈 중 최고라고 생각...5번도 넘게 봤지만 다른 시리즈에서 느낄수 없는 스펙타클함과 멋진음악 그리고 개인적으로 최고의 제임스 본드라고 생각하는 티모시 달튼...나만의 최고의 영화,1
train_331,그래봤자 짱개..,0
train_332,잠와 죽는줄...............,0
train_333,"세상을 언제나 계급투쟁의 역사로 보는,김기덕의 절망적인 세계관,역사관은 백약무효.",0
train_334,이영화 본사람 있어여?? 인디안 썸머의 원조에요..너무좋은영화,1
train_335,한 번 보면 절대 빠져나올 수 없는 극한의 중독성 영화,1
train_336,뭘더바래 로버트면 됐지,1
train_337,왜 제목을 웰컴투더펀치로 했는지 알았으므로 4점,0
train_338,모든 장면들이... 영화를 다시 보고 싶게 한다.,1
train_339,가슴 어느 한곳이 아프다.. 울고 싶은 영화,1
train_340,와 정말 대단한 명작이긴한데...결말이 이해하기가 어려움....두세번은 봐야되나??,1
train_341,뮤지컬 문외한인 나에겐 정말 신선한 자극을 준 영화. 그냥 봐라 그리고 흥분하라,1
train_342,...,0
train_343,별점이 왜 이렇지? 우연히 다시 보게 되니 개봉 당시 극장에서 몰입해서 봤던 기억이 난다. 초반에 변희봉 소름끼치는 늙은이 연기 대박,1
train_344,말그대로 최고의 드라마.,1
train_345,꼭 나를 보는 듯한 느낌...,1
train_346,대부를 안봤으면 느와르 영화를 논하지 마라.,1
train_347,박중훈 영화 중 보아서는 안 될 영화 중 하나,0
train_348,오버는 배우만 해야 되는디 감독까지 해부렀으야,0
train_349,독립영화인것을 감안해서,0
train_350,볼만함,1
train_351,왜 이게 9.0밖에 안나온겨. 10점 맞대니깐..,1
train_352,머리털 나고서 네이버에 평점해보긴 첨이네,1
train_353,그저 그렇고 그런 좀비류.,0
train_354,지루해서 죽을뻔했다 내려가,0
train_355,무시를 받으며 하루하루를 힘겹게 살고 있는 장학우가 유명해지기를 동경하는 심리가 십분 이해가 간다. 장학우를 허무맹랑한 꿈을 쫓는 사람으로 취급하는 유덕화의 심리도 이해가 간다. 결말부에서 장학우가 죽는 장면을 슬로우 모션으로 촬영한 점이 왕 좋았다.,1
train_356,새누리당 식으로 하면 빨갱이영화??? ㅋㅋㅋ,0
train_357,시종 이어지는 우울한 분위기와 처절한 생존액션이 잘 어우러진... 강대위의 또 다른 매력이 물씬!,1
train_358,"영상미만 아름다울뿐, 어설픈 연기력은 몰입력을 떨어뜨린다.",0
train_359,신시티이후의 최고의 영화인듯..,1
train_360,고아라 킹왕짱,1
train_361,좀비영화계의 레전드..좀비들이 정말미친듯이달려오는게 진짜무서웠음,1
train_362,솔직히 너무 좋은 작품이라 평점은 높게 줍니다만 전문성우좀 씁시다.이건 좀,1
train_363,극장에서 볼 당시 캐리비안의 해적 예고편이 더 재미있었다. 쓰레기 중의 쓰레기,0
train_364,역사드라마는 다똑같다 존나 재미없다,0
train_365,오랜만에 재미없는영화 봤다.,0
train_366,어렸을때 극장에서 본영화네요. 18세이상 관람가...;,0
train_367,환상적인 분위기...,1
train_368,로버트 드니로도 인제는 끝인가.....좋아하는 배우인데....,0
train_369,제 생애 최고의 영화입니다. 앞으로도 이런 감동과 웃음 주는 영화가 나올지 궁금하네요. 영화관에서 안본게 후회되요. 저평점 주시거나 재미없다고 하신분들 알바신지 장난인지 너무하네요,1
train_370,영화의 전체적인 흐름을 아주 잘끌어나간 것 같다.,1
train_371,뭘 표현하려고 한걸까. 5분정도면 표현할수 있는걸 긴시간을 들여서 촬영했다.완성도 제로.,0
train_372,최고의 영 화였습니다...,1
train_373,새로운 시도 최근 출연배우들의 선전으로 다시 재평가받는 영화,1
train_374,씨발 영화...,0
train_375,B1A4짱!B1A4어느멋진날대박났으면좋겠어요!!♥♥♥♥,1
train_376,"과대망상증이 심각해보이던 연쇄살인마...그를 능가하던 엽기변태 ○○○ 커플...한,일 합작이긴하지만...참 일본틱하다...",0
train_377,올해최악의영화ㅋㅋㅋ도대체 영활보는기준점이 어떻게되는사람들이 이게재밌다는건지 궁금하다,0
train_378,아무리 내용없는 야한 영화라지만 이딴 발연기는 첨본다 ㅡㅡ;;;,0
train_379,영화 내용이야 영화 보기 전에 알고 있었고... 그래도 넓은 화면으로 사진을 보고 살가두의 음성을 듣는 것만으로도 만족이 되는 영화. 아쉬운 점은 살가두 작가의 작업현장보다는 나레이션이 많은 점 정도..,1
train_380,최동원 다시보고싶다 ㅠㅠ,1
train_381,편이 갈수록 더 잔인함이 세진듯,0
train_382,빵꾸똥꾸갈비대박..그나마간간히전문성우인배한성씨의 나레이션이나와서다행이었음,0
train_383,펑펑 울었었음 푸른눈의 백룡 카드...,1
train_384,"설정은 우주급, 주제는 사랑! 0과 1이 나올 질문에 풀이는 공상 두 시간 분량의 해석이어도 0과 1을 가지고 사랑을 만들어냈으니 오케!~^^",1
train_385,내가 제임스딘 작품을 즐겨보아서 또 킹크회원이어서 10점준다,1
train_386,굿,1
train_387,스토리 구성상의 아이디어가 재밌었다. 완성도도 높음 근데 영국인들은 싫어하겠더라.,1
train_388,잔잔하게 아름다운 영화예요. 마지막 장면은 정말 잊지 못할 거 같아요. 메이크업으로 두사람의 감정이 느껴져서 설레었습니다,1
train_389,"아.. 진짜 이걸 돈주고 보다니.. ㅠ.ㅜ 무섭지도 않고, 사운드도 영 별룹니다. 아놔..",0
train_390,기독교 교양수업용 영화,0
train_391,"정말 잊을 수 없는 영화! 중학교때 담임선생님과 반아이들이가같이 봤어요, 그 이후로도 가끔씩 생각나는데 마음이 따뜻해지는 영화입니다.",1
train_392,평점이 이렇게 높은데 시청률이 개판이네.... PD 작가 가족들이 평점 줬나보지? ㅋㅋ 나문이여사 앵앵거리는거 나만 미치는가 했는데 여기도 있었네 ㅎㅎ진짜 웃긴다. 평점이 8점을 넘기네 이렇게 좋은 작품 몰라주는 시청자가 쓰레기구나! 그렇구나.,0
train_393,반전영화 베스트에 올라와 있어 기대하고 보았는데 ..이건 반전이 너무 많다,0
train_394,유치한 멜로 영화다. 진부하고 새로울 게 없다. 사랑 하나 때문에 부모고 뭐고 다 버리고 국경 넘어오는 여자도 웃기고. 마지막엔 첩으로라도 살겠다면서 갑자기 말도없이 떠나서 다른남자랑 결혼? 또 유부남인 주인공은 바람이나 피고 다니고. 호소력이 떨어짐,0
train_395,죽지않아~ 아자~,1
train_396,진짜진짜 재밌다능.,1
train_397,정말재미있습니다 흥미진진하네요 ㅎㅎ,1
train_398,음~~이런거 괜찮단말야^^,1
train_399,그냥 자기가 하던일이나 열심히 햇으면좋겟다괜히 몸 상하지말고 어차피 저거 다 가식이다툭하면 쓰러지고 우는거 보기싫다,0
train_400,군,1
train_401,왜 자꾸 서울을 보려고 할까?,0
train_402,상당히 잘 만든 영화군요. 깊이와 재미를 함께 느낄 수 있어 좋았습니다.,1
train_403,↓타란티노가 극찬한건 이영화가 아니라 1981년 발렌타인임;;;,0
train_404,이건 뭐냐? 우뢰매냐? ;;;,0
train_405,무슨... 이런 조잡한 영화를...패러디물인줄...,0
train_406,바이오 해저드에서 드래곤볼로..,0
train_407,주어진삶에감사하게살아야겠다는생각이제일먼저드는영화같습니다..,1
train_408,평화롭고 잔잔한 영화.,1
train_409,난해. 모호. 오리무중.... 전형적인 예술영화에서 느껴지는 감동.,0
train_410,제발 영화를 찍기 전에 장르 정리는 좀 하고 찍었으면..,0
train_411,평점믿고 봤는데 무섭지도 않고 빨리 끄고싶었음,0
train_412,재밌었습니다^ㅡ^,1
train_413,이게 왜 스릴러인지...,0
train_414,너무 미화한거 아닌가.. 역시 역사는 승리자의 기록..,0
train_415,아~~존나 재밌게잘봤습니다. 정통서부극,1
train_416,범죄자들을 미화시킨 영화,0
train_417,유부남이~ 유부남이~ 유부남이~ 유부남이~!!!ㅋㅋㅋ,1
train_418,"이건 영화도 아니고, 시트콤도 아녀~",0
train_419,평소 마스다 미리 시리즈 팬이라 수짱 시리즈 영화로 나온다고 할 때부터 많이 기다렸습니다. 너무 따뜻하고 공감가는 이야기라 너무 재밌게 봤습니다. 아직 먼 일에 대해 미리 너무 걱정할 필요는 없다는 수짱의 말 너무 위로가 되었어요.,1
train_420,쓰레기 영화,0
train_421,오늘 주연배우 김창완씨가 이 영화에 대해 가혹하게 비판하더군요.감독분이 헌데 좀 이런 장르 영화물을 좋아하는 듯.,0
train_422,무~~~~~~~~지 재미있어요,1
train_423,재미와 감동이 동시에 있네요. 아이들과 함께 보면 참 좋은영화~ 강추!,1
train_424,재밌었던거 같다. 뭔가 보면서 흐뭇했다,1
train_425,평론가들 평가봐라.ㅎ 니들이 감히 평가할 수 있는 작품이아니란다. 얘들아.,1
train_426,전반적으로 웰메이드.. 사실 난 맷 데이먼때문에 봤다.,1
train_427,재밌어요 ㅎㅎ;; 궁S보다 더 재밌음 ㅎㅎ;;,1
train_428,신격화된 플라톤주의를 동양적 모호함으로 탈색한 영화. 재미없는 뷰티플마인드 버전,0
train_429,많이많이 재밌어요~,1
train_430,영화를보고 장래희망이 비디오가게주인으로 바뀌었다,1
train_431,"잘가다가 마지막 5분은 급조한 느낌이다, 점장이 말에 조승우가 죽는 설정도 억지스럽고 운명을 개척하려던 남자가 바로 순응하는 모습도 설득력이 떨어진다, 무엇보다 21세기에 운명론적 측면에서 결말을 지었다는 것이 공감하기가 어려웠다",1
train_432,이영화보고 몇일동안 머리속에서 영상이 떠나질않았다.특히 마지막장면은 충격,1
train_433,그림은 참 귀엽지만 내용은 너무 부실했다.,0
train_434,내인생 최고의 영화. 감동 짱!!!,1
train_435,아 영점이 없어서 아쉽다...,0
train_436,볼만한데 제목이.....,1
train_437,"코미디 조금, 공포 별로, 가족 그럭저럭, 판타지 글쎄 머 이정도다",0
train_438,나른한 겨울밤 자기전에 보기 참 좋은 편안한 영화,1
train_439,평점 보고 내가 직접봣거든? 전혀 안무서움;; 리얼 하나도 안무서움 기어나오는것도 하나도 안무서움; 오히려 사다코가 예쁘게 느껴짐 리얼 너무 노잼이라 평점믿고 보지마라,0
train_440,시간이 갈수록 흥미는 떨어지고 억지만 남발한다.,0
train_441,dc코믹스를 이꼴로 만든 최악의 졸작 미국판 클레멘타인인줄..,0
train_442,몇번을 봐도 흥겹다 르자의 적절한 곡선정 분위기를 돋군다 한가지 맘에 들지 않는것이 있다면 와패니즈적 요소가 강하다는것,1
train_443,좋아요.,1
train_444,지금 막 chCGV로 봄....민폐케릭의 끝장...예상가능한 엔딩...휴,0
train_445,잼있긴한데.. 장나라 너무 오바해서 안타까웠씀. 적당히했으면 좀더 좋았을것을..,0
train_446,이게 2005년 중국최고영화? 지진희는 엑스트라? ㅡㅡ;,0
train_447,"평점10점 짜리는 아니지만,그렇다고 평점1점짜리도 아니기에,그렇다면,10점...솔직히,프랑스에서의 공연은 아주 멋지더만...물론,내 돈내고,슈퍼 쇼 보러가자면,노 탱큐고,그돈으로,뮤지컬 보러가겠지만...슈퍼 주니어가 싫다면,그건 질투가 아닐까?(웃음)",1
train_448,이런거 정말싫어,0
train_449,난 좋은데?,1
train_450,"막장 원단에, 박찬욱이라는 브랜드값",0
train_451,평점보다 볼만하고 예쁘고 끝에는 감동과 눈물도 쬐끔,1
train_452,개인적으로 벅스라이프보다 재미게 본 영화 지금도 가끔 예전생각하며 다시보는 ㅎㅎ,1
train_453,왜 개봉 때 보지 않았을까,1
train_454,이건 절대 깔수가 없다....오빠들 사랑해여 ㅋㅋㅋㅋㅋㅋㅋㅋㅋㅋㅋㅋㅋㅋㅋㅋㅋㅋㅋㅋㅋㅋㅋㅋㅋㅋㅋㅋㅋㅋㅋㅋㅋ 아 정말 오로지 팬심으로 별점준다 ㅋㅋㅋㅋㅋㅋㅋㅋㅋ,1
train_455,평점보고 봤는데... 진짜 지루하네! 아까운 내 시간............-_- +,0
train_456,깔쌈하고 담백한 영화다.. 갠적으로 정말 좋다,1
train_457,잔잔하면서도 훌륭했습니다 억지스럽지 않고~ 오랜만에 좋은 영화 보았네요^^,1
train_458,초반에 좀 신선하고 재밌더만 갈수록 쓰레기에 비현실적,0
train_459,정말 오랜만이다 이렇게 잼없고 돈아깝고 시간까지 아까운영화 일점도 아깝다....,0
train_460,완전 감동..ㅎㅎ 허허,1
train_461,인피니트짱짱짱♥♥♥,1
train_462,여명에 꽁지머리가 우습다. 견자단 형님에 오버 연기는 더 우습다.,0
train_463,젊은 탐크루즈 보는 맛 잼씀,1
train_464,나도 동참,0
train_465,대체 이게 왜 평점이 이렇게 높은지 이해가 안가네요제목이랑 영화가 잘어울리지도 않고 그냥 중간에 억지로 시나리오 넣은듯한 걍 정말 맘에안듬,0
train_466,좋은 소재였으나 촘촘하게 짜 맞추지 못하다.,0
train_467,"지인의 추천으로 본 영화입니다. 영상미도 음악도, 스토리도 탄탄하니 좋았습니다. 오랫동안 기억에 남을 영화.",1
train_468,그립습니다. 노짱!!!,1
train_469,황비홍 이름만들어도 그 재미를 느낄수 있다!!!,1
train_470,별로,0
train_471,아이돌 누가 누군지 모르겠음 그리고 편집이 엄청 많이 해서 재미도 없고,0
train_472,완존 좋아요 재미도 있고 ㅋㅋㅋ,1
train_473,좀 아닌거같아요... 여러면에서 성공하기 힘든 영화가 아닐까 싶습니다. 관객수가 말하듯이요,0
train_474,샤를리즈 테론의 몬스터 인줄 알았네.. 무식한 내가 낚인 탓 ㅠ.ㅠ,0
train_475,생고기 먹는 느낌 그대로,1
train_476,"바이올리니스트로서의 연주도, 이야기의 연출도 어중간하고 둥둥 떠있는듯한 장면들의 얼개가 아쉽습니다.",0
train_477,내 인생 최고의 SF 스릴러 영화...,1
train_478,근데 장첸이 대체 어디나오는데요 ㅋㅋㅋㅋㅋㅋㅋㅋㅋㅋㅋㅋㅋㅋㅋ?? 저만 못찾음??,0
train_479,이연희 땜에 배렸네.. 연기의 질을 떨어트리는 애..,0
train_480,철견무적 아비가일..믓시엘!,1
train_481,"진짜재밌음,, 일본판은 뭐가좀다름,,,진짜 괴롭히는정도가 여태시리즈와다름,,,",1
train_482,달리가 사랑한 그림이라고 시청자를 낚기위한 부제.전혀 달리의 인생과 그의 사상과는 관련이 없고 그저 시인 로르카의 인생만이 나열된다. 달리의 초현실주의 그림에 대해 알 수있길 원한다면 보지말길.. 초반 잠깐 그의 사상이 3줄로 나올뿐인 영화,0
train_483,이런걸 반전이라고 생각하나;;클라이브 오웬영화는 그만봐야지,0
train_484,편견에 대한 한방이 있는 영화,1
train_485,그냥 재난자체에만 초점을 둬서...그 재난을 이겨내는 사람들에대한 이야기라기보다는,0
train_486,이런 개 씨입...,0
train_487,"더빙 정말 최악이다. 안어울리는 목소리에, 발연기,, 정말 최악의 더빙.. 듣기가 싫다. 오그라들어..",0
train_488,이한마디로 요약.. `재앙` 그나마 이영애가 예쁘게 나와서 2점준다..,0
train_489,"감독혼자 주절대는, 말하고자하는 것조차 모호해진, 역겨운 쓰레기 영화.",0
train_490,1996s년 중3때 학교에서 극장에 강제로보게한 영화긴하지만 후회없이 재미있게봣습니다... 살기좋고 추억도많은1990대로 다시 돌아갈수있다면 얼마나좋을까요 ㅎㅎ,1
train_491,스릴도없고 재미도없고 주인공 남자는 손이 다친건지안다친건지 연기 더럽게 못하고 무슨영화지..,0
train_492,긴장감과 반전. B급인 듯 B급이 아닌 수작이다.,1
train_493,정말 정말 할일없을때 시간때우기도 재미없었네,0
train_494,그림도 대단하지만 프리다의 일생과 셀마헤이엑의 연기변신이 놀라움,1
train_495,진짜 보는 내내 소름이 돋았다,1
train_496,"모르는일이아닌, 눈감고 모르는척하는것들에대한영화, 켄로치는 천재다",1
train_497,현재 평점이 9.08!? 중반부터 재미있나? 난 초반에 특징이 없이 평범하여 17부에 포기,0
train_498,우리의 태도를 한번쯤 뒤돌아보게 하는 영화,1
train_499,"오마이갓, 이런 영화도 개봉했구나",0
train_500,진심으로 답이없다 입이랑 소리가 따로따로 노네,0
train_501,tv 전기세가 아깝다!!!,0
train_502,여고괴담 시리즈 좀 망쳐놓지마라 ㅡㅡ 2편에 끝냈어야한걸 5편까지만드네 ㅡㅡ,0
train_503,14년전.. 이런 게 있었었다..,1
train_504,하이틴 로맨틱 코미디와 가족영화가 합쳐진 느낌. 뻔한 스토리지만 지루할틈 없이 봤다. 사랑스럼 영화 ㅎㅎ,1
train_505,스토리가 아쉽지만 나머지가 그래픽과 배경이 다 커버 전투씬 멋짐,1
train_506,다른 영화는 초반부에서 끝냈을 얘기를 결말까지 끌고간다. 주드로의 매력을 고스란히 담아낸 한 편의 영상화보같은 영화지만 그게 다... 뭐 나름의 교훈은 있지만 그 교훈 하나를 주기에 2시간을 전부 허비한건 좀,0
train_507,개나소나 더빙하네 퉤퉤,0
train_508,그냥 다큐를 보는게 낫지 싶다..,0
train_509,한마디로 연출력 제로 다신 영화만들지 마라 감독아,0
train_510,개인적으로 제가 본 영화중 최고의 작품중 하나입니다,1
train_511,썩었다~! 절대 보지말기를.....,0
train_512,재미있다. 재미있다. 재미잇다.,0
train_513,같이본친구에게미안하다고100배사죄했다. 난더러운기분에잠을못잤다.,0
train_514,인생의 본질은 괴로움이라고 했던가...!,1
train_515,충격적인영화.....너무 사실적이고 연기도 영화연출법도 맘에 든다,1
train_516,국산 대표 애니메이션. 스머프랑도 안 바꾼다!,1
train_517,힐러리더프 팬들에게만 강력추천.,0
train_518,전 진짜 재밌게 봤는데 시청률이 안나와서 아쉬웠던드라마에요ㅠㅠ,1
train_519,드디어 찾았다. 잊혀지질 않는다.,1
train_520,10점될려다가 아쉽게 9점된 영화~ 아쉬워...,1
train_521,용서란 무엇인가에 대해 다시 한 번 신중히 고민하게 만드는 영화,1
train_522,최악,0
train_523,진짜 영화인지 문학작품인지 모르겠다. 소설원작이 있나 찾아볼 정도..,1
train_524,harry potter go!,1
train_525,나사가풀릴대로 풀려 발악하는 홍콩영화.곽부성 오경 서기가 아까울뿐..,0
train_526,이거 유관순이 살인마귀신아님?,0
train_527,해외에도 이런 쓰레기 영화가 존재하는구나 보는내내열받아 OO뻔 1점도 아깝다!,0
train_528,화면의 60%는 아무것도 안보이고 깜깜한 속에서 무슨 일이 일어나고 있는지....목소리만 나오고....다 보고나서도 전체적인 스토리가 명확하게 드러나지 않네요. 연출력이 너무 부족...,0
train_529,이 영화 징리야 왜그래,1
train_530,지루하고 엉망진창이다. 걍 포티아라는 매력적인 여배우를 발견한걸로 만족하련다,0
train_531,뒤로갈수록 재미없음 처음엔 좀 재밌음,0
train_532,"9천원투자, 관객수 +1 명 추가요 ~~ 전재홍 멋쟁이..",1
train_533,언제까지나 두고두고 보고싶은 그런 영화!!,1
train_534,초6인가 중1때보고 무서워서 몇달간 패닉이였는데..전설의 고양과 토요미스테리와 어깨를 마주하던..추억의 공포영화 ㅠㅠㅋ,1
train_535,거러췌 바로 오리지날 쌍라이트구나..,1
train_536,내가 이거보고 얼마나 울었는데ㅠㅠㅠㅠ,1
train_537,독일영화는 잼있을까 하고 봤는데 초반 설명도 너무 많고 살인사건 나고 잠깐 잼있다 말았다. 여즘 재미난 영화들이 많다보니 상대적으로 진부하단 생각도 들고,0
train_538,귀여운벤지.. 똑똑한 벤지 예쁘고 귀여운 친구... 압삘럽 ㅎ,1
train_539,좀 아쉽지만 평점올려주고 싶다!,1
train_540,아~dvd로 갖고파라~,1
train_541,평점이낮아서 좀올려줍니다 이렇게 재미없는영화아닌데,1
train_542,사상 최악쓰레기의 영화,0
train_543,이게 7점대 영화는 아니라고 생각한다 정말 소름끼치는 영화!,1
train_544,이영화를 난 극장가서 봤다....,0
train_545,상상을 하지마 상상을.상상을 안하면 존나게 즐거워~,1
train_546,글쎄~ 별로던데~,0
train_547,안보신분들은 무조건 보시라고 추천하고 싶습니다. 영화에 대해 별 사전지식 없이 봤는데 엄청 몰입해서 재밌게 봤네요. 평점이 9점 이상은 되야 맞을것 같은데...,1
train_548,? 니들이 매주 저렇게 노래만들어봐얼마나 잘하는지좀보자10~30대가 공감할노래가..아니야?내가제일잘나가 ~~이런건 공감하냐?나는 남자없이잘살아~~이런거?ㅡㅡ무슨 개미가 똥굴리는소리들이야나안봐!!!,0
train_549,괜찮아,1
train_550,이종석 최최최고!!! 드라마가 아닌 실재 상황인듯 착각하게 만드는 연기...넘 멋져....인하랑도 잘되어야하는데,1
train_551,감동적이네요,1
train_552,순수한 영화. 보면 기분이 괜스레 좋아지는,1
train_553,기대이상의 공포 하지만 아쉬운 마무리,1
train_554,좋았네요~,1
train_555,근데 막판에 왠 로봇이지 ㅋㅋ,1
train_556,배우들 이름 만으로도 보고싶다라는 생각을 들게합니다개인적으로 재밌게 봤고 추천도 하고 싶어요,1
train_557,완죤~~ 좋죠~~^^최고다~~^^,1
train_558,개그도 안웃겨... 그래도 돈은 벌고 싶어...,0
train_559,마일즈텔러의 연기도 훌륭했다. 잔잔하고 먹먹한 영화~~~^^,1
train_560,"다큐와 영화가 공존하며 많은 메세지를 준비한 것이 엿보이는 영화 , 억지 동기와 연속이 과한편이고 주인공 주위사람과의 공존의 가치보단 본인의 행복을 최우선시하는 욕심이 선을 바라는 관객에 동의를 구하기 어렵다",0
train_561,소아적인,0
train_562,제가 본 액션 영화중에 최고입니다,1
train_563,의도가 사장되었다.,0
train_564,조금은 촌스러운것 같으면서도 세련된 영상미에 웬지 모를 향수를 느꼈다.,1
train_565,히야 카메라 기법 연출력이 장난아니네여 흑백에더 불구하고 정말 재밌게 보았네여 알프레드 히치콕 찰리 채플린 등 제가 흑백영화를 정말정말 좋아하는데 정말 재밌게 봤어요,1
train_566,물체가 움직이거나 어떤 일이 진행되는 빠르기,0
train_567,원작 안보고 봤는데 개연성 없는 이야기 전개...ㅡㅡ 생략한 부분이 많은듯? 일본식 감성도 싫다. 괜히 봄.,0
train_568,마지막의 긴장감이란 엄청났다. 니콜슨을 죽이고싶었다.,1
train_569,영화보다 영화속에 나오는 노래가 더궁금한 영화,0
train_570,전혀 긴장 안되는 지루한 영화,0
train_571,유익한 영화 였던것 같다,1
train_572,말이 필요 없는 아바의 노래들,1
train_573,4도나왔으면 좋겠네여,1
train_574,호양왕자 는 사람인가요 인형인가요? 아역이라지만 표정이 포커페이스네여,0
train_575,"이렇게 병맛스러운 판타지 사극은 촉산전, 중천 이후로 너무 오랜만이라 10점 준다",1
train_576,일단 재미 없다.밑에 있는 분들이 재미 없음은 이야기 했지만..솔직히 ...망상과 침략이라는 느낌은 없었다.차라리 우리나라 영화중에 재미없게본 애정결핍이 두 남자에게 미치는 영향 이라는 일본판 영화라는 정도...일본 배우들의 한국어 연기는 정말 과관.,0
train_577,아 재미없다 1편을 안봐봐서 그런가...,0
train_578,정윤희씨의 최고매력영화 강추!!!,1
train_579,홧팅~,1
train_580,평점 너무 낮다 8점정도가 적당하다고 생각,1
train_581,ㅋㅋ,1
train_582,장의사. 참 위대한 직업같다 ...,1
train_583,정말답답하네요~~질질끌지말고빨리빨리한정임이모든사실다알고복수했으면좋겠어요~~,0
train_584,"이배우들로 영화를 이렇게 밖에 못만드냐 감독, 제작진은 지금까지 모했노 이기야!!!",0
train_585,"보고 싶고 듣고 싶은것이 진실인지, 그 순간 있었던 일이 진실인지..",0
train_586,3편은 안나오겠죠,0
train_587,진짜 재미있게 봤다. 최고다,1
train_588,오랜만에 가슴 벅찬 감동을 느꼈습니다,1
train_589,남자라면 꼭 봐야할 영화.,1
train_590,"영화 자체가 찐따수준임.. 특히 배우들,...",0
train_591,"콩닥콩닥 가슴 졸이며 봤던, 브래드 정말 이녀석 멋지다 그냥 십대가 아니었어",1
train_592,남주인공이 정말 사랑스러운 영화^^,1
train_593,보다가 우울증올뻔했네요. 등장인물 진짜 전부다 정신병자임 ㅡㅡ,0
train_594,"개연성 부족하고, 내용도 연결이 안되고, 금융권 엘리트라는 것들이 하는 짓은 답답함을 넘어 멍청하기까지 하고.. 이것저것 다 차치하고 최소한 긴장감이라도 있었어야지",0
train_595,이짧은 후기를적는데에도 고민이많이된다. 정말 말이필요없는영화다 존레넌포에버,1
train_596,어릴때 본 영화라 자세한 평은 못하지만...좋은 기억으로 남아있는 영화~,1
train_597,"사탄은 뮤탈리스크, 캐서방은 칼 든 마린이었다네.",0
train_598,"아무리 영화라고 하지만, 영화가 아무리 자유로운 포맷이라고 하지만 이건 한 마디로 쓰 ㄹ ㅔ 기다.",0
train_599,"이게 영화냐 18.. 감동은 조빠는 소리들 하고 자빠졌네,, 개 쓰레기들 쳐 모아가지고 웃기지도 않고 감동 재미도 없고 3류 쓰레기 중에 개 쓰레기 영화 18 눈 배렸다",0
train_600,어제? 아침까지 애청자였으나. 김지영 출생 얘기부터 안보기로함. 막장도 양념이나 지나쳐서 구역질남. 거의 100회만에 채널 돌림. 굿바이.,0
train_601,처음으로 10점준다 진짜 명작이다 꼭 봐라,1
train_602,최고의 영화입니다. 여러번 곱씹으면서 보세요. 감독이 숨겨진 디테일을 찾는 재미가 있는 영화합니다. 권력의 본질에 대한 연작이라는 점을 상기하면서 보는게 좋은 듯 하네요,1
train_603,강간판타지,0
train_604,인간떨거지된느거야 알겟어? 인관떨거쥐가 되는거라고 인고고고가고가고ㅓ고거ㅏㄱ!,1
train_605,국민들의 숨은괄호 기호 5번 무소속 조국입니다,1
train_606,베리 본다 노래가 정말좋아여,1
train_607,이렇게 정신건강에 해로운 영화는 난생처음. 거참....,0
train_608,감각적인 에로~,0
train_609,"제발 알바에 속지마세요,,, 시사회 다녀왔는데 다운받아 보기도 아까운 영화입니다.",0
train_610,글쎄..그냥 별루... 별감흥이없네..,0
train_611,아무리 배우가 좋아도 이건 진짜 너무하다는 생각이 듬....,0
train_612,"옹박 시리즈가 처음 나왔을 땐 신선했는데, 이 시리즈도 이젠 막장이군",0
train_613,재미있었어요. 진짜 최고로 재미있었어요.,1
train_614,"잔재미는 있다만,완전대본소스타일~그런데 어째서 이렇게스포츠신문연재만화같은거냐?",0
train_615,"홍상수의 시작, 그리고 한국영화의 또 다른 시작. 시간이 흐를수록 그 가치가 더욱 피어오르는 고전이 되어버린 어느 영화.",1
train_616,"BOB, 퍼시픽... 전쟁영화 왠만큼 보는 편인데 이런 건 본적이 없다; 분위기부터가 뭔가 다르다. 이게 70년대 영화라고? 대박....",1
train_617,엉성하고 유치하지만 황신혜의 새로운 면을 본것은 수확이다..,0
train_618,"1부에 진구, 임정은님이 너무 인상적이라 너무 큰 기대를 했다.",0
train_619,이걸 끝가지 다 보라고?,0
train_620,억지 스럽고 흐지 부지 한 병맛 영화. 스타 트렉 Storm Front 보다 허접 하고 병맛 돋음.,0
train_621,상영종료해서 일본판으로..재미있다!!!!!!!!!!!,1
train_622,연기..진짜 개못한다 김창완쌤때메 그나마 재미없는영화조금살린거,0
train_623,아 너무나도 섹시한 조지클루니!,1
train_624,최악이었는데...왜 좋다고하지? 주제도 별로고 재밌지도 않고 효민은 일본어 엄청 못하고 어색하고 배우하고 감독만 평판 안좋겠다,0
train_625,법치주의를 외면하면서 민주주의를 외치는 지극히 정치적인 충무로의 그림자.,0
train_626,9점. 해바라기의 ost로 더 유명한 안젤로의 용서를 딱 듣는 순간 조건반사처럼 울컥. 조폭이라는 소재만 딱 들어내고 보면 정말 우리나라의 교육 시스템부터의 문제를 나름 잘 보여 줌. 소장가치 있다고 봄.,1
train_627,"영화개봉할때부터봤는데막장이란거알면서도두번세번또보게되는영화..영화의배경이나소재,주인공들의연기가여운을남게하네요",1
train_628,그냥 망작이다 ㅡㅡ 뭐냐 도대체 이영화,0
train_629,스컹크의 파란만장 성장기!! 영국식 더헌트 같은데 좀더 재미있고 밝다. 팀로스 분량이 너무적다ㅜ 오스왈드들 나쁜X들임ㅋㅋ,1
train_630,"동성애자,이성애자를 떠나서 설레이는 감정을 잘 담은 예쁜 영화인듯..",1
train_631,불륜녀 쓰러졌을때 도와줬다는 꼬마~권선징악으로 차라리 안도와줬더라면 더 좋았을텐데 피해자는 죽고 가해자 남녀만 살아남았고 미친 두명이나 살인한 불륜녀는 꼬마에게 위로받네 기분나쁜영화 유튜브에서 공짜로 봤지만 기분나쁨,0
train_632,상상마당에서영화봤는데 주인공평이좋네요. 영화제대로보신건지 연기 너무별로였어요!,0
train_633,나도모르게 눈물 흘리는 영화 ㅠㅠ,1
train_634,어떤걸 어떻게 봐야 할까요???,0
train_635,매주 나의 힐링 프로그램ㅎㅎ,1
train_636,역시 김민종은 드라마. 거기에다가 OST까지. 김희선과의 조합은 괜찮은 듯. 악역으로 나온 송윤아도 상당히 매력적임. 활력 넘치는 호감 케릭터 이강토 굿,1
train_637,노련하기보단 이기적인주인공... 막판에 애아니었음어쩔럐??,0
train_638,비포선라이즈 완전 따라했네..와인얻는건 대놓고 카피...뭐하는건지..,0
train_639,필름이 좀 아까움 무슨메시지를 주는가 코믹? 호러? 정체가뭐지?,0
train_640,.,0
train_641,전광렬의 ‘허준’ 복사... 출연료와 제작비를 들여가며 방송하는 이유를 모르겠다!?.. 차라리 전광렬의 ‘허준’을 화질만 HD급으로 재방송하는 편이 훨씬 나을 것 같다.,0
train_642,@오떼블랑(bear****) 너 같은 스포일러 때문에 가끔 폭력충동이 인다. 머리 모자란 놈..ㅉㅉ,0
train_643,재미도 감동도 없고...,0
train_644,티비시리즈 3개를 연속으로 본느낌..최고로 지루하고 재미없음,0
train_645,오래전에 한번보고 기억에 오래 남았어요. 다시 보고 싶은 영화입니다.,1
train_646,학창시절에 봤던 기억. 아직도 생생.,1
train_647,진짜 웃긴 영화ㅋㅋㅋ,1
train_648,유치해 너무 재미없어...,0
train_649,옷깃만스쳐도 인연이지,1
train_650,이게 어떻게 코미디가 될수있죠..ㅜㅠ 이해하기 힘든 스페인 문화인듯..,0
train_651,진짜마지막에 뭔가슬프게끝나서아쉽다... 주인공여자진짜이쁘던데...새드엔딩으로 끝나서 슬프다.. 해피엔딩으로 끝내며너좋앗을텐데..,1
train_652,영상미가 아주 멋진 영화. 스토리는 그냥 그랬지만 영상미가 압도적이었기에 만점드립니다.,1
train_653,영화같지도 않은 영화를...,0
train_654,다른 세대에 태어났지만 보는내내 가슴 뛰며 열광했던 영화.조승우 신민아 최고!,1
train_655,넘지루해여편내용이다해람이ㅜㅜ해람이는정확히어떻게됫는지도안나오고 지루지루재밋게잘봐왔는데 짜증나려해여,0
train_656,납치까지..허허 원 갈수록 가관인거 같습니다 막이란 말이 이리가슴에 왼 닿을줄이야,0
train_657,어제 완전 재밌었슴! 사랑과전쟁 대표 여배우 셋이 나와 실감 연기의 끝장을 보여주더만~,1
train_658,"이야기보다는 영상으로, 설명해주기보다는 생각을 하게하는 영화. 재미있었어요!",1
train_659,많은것을 생각하게하는 내 인생의 최고의 명작,1
train_660,북한도 타는 자전거 사우디에서 못타게 한다니 참 무슨 석기시대냐 영화도 아니고 주제가 이해 불가한 주제군,0
train_661,"내 인생영화. 뱀파이어와의 로맨스를 꿈꾸게하는, 내 인생 최고의 영화.",1
train_662,눈 버렸다.,0
train_663,재밌었는데 왜평점이낮지;,1
train_664,진짜 너무한다. 무슨 대학도 아니고 고등학교 영화반 졸업작품 보는줄 알았다. 미쳐!!,0
train_665,극장에서 봤는데 어린나이에 얼마나 슬프던지...그립다,1
train_666,"오, 귀여워 귀여워..★",1
train_667,별 다섯개 주기 힘든영화,0
train_668,첨엔 좀 볼만한가 했더니;; 시간 아깝네,0
train_669,임오군란->동학혁명->청일전쟁->일제 합방의 일등공신 민비를 비너스로 만들었군.,0
train_670,ㅋㅋㅋㅋㅋㅋㅋㅋㅋㅋㅋㅋㅋㅋㅋㅋㅋㅋㅋㅋㅋ,0
train_671,"에릭로버츠를 제외한 출연배우들 대부분의 매우 어색한 연기...내용전개,설정,아동용같은 느낌의 CG...역시 포스터만 그럴싸하고 참으로 황당하고 조잡한 공포물...빵점",0
train_672,사는건 힘든거 같다. 시간 가는 줄 모르고 봤네요!,1
train_673,소재에 함몰된 영화..,0
train_674,고인에 대한 모독같아 보이는 영화나오미 왓츠는 정말 많은 부분에서 다이애나를 담아내위하여 노력하였으나 다이애나 왕세자비의 감정을 이끌어내기엔 다소 영화 스토리 등 부족한 것이 많은듯,0
train_675,어린시절부터 지금까지 잊을수 없는 명작 애니메이션!!!,1
train_676,"종교 화합도 기대보다 비중도 낮고, 이 정도의 로맨스 영화는 깔리고 깔렸다.",0
train_677,올드보이가 생각나는데 욕할뻔. . . .,0
train_678,아직도 발전이 많이 필요한 것 같다...,0
train_679,이런거 감상할줄 모르고 재미없다고 하는 애들은 가서 트랜스포머나 봐라,1
train_680,ㅋㅋㅋ 이것도 잼꼐봣는데,1
train_681,구라 안 까고 20분 보다 껐다.피식 웃음은커녕 계속보다간 속 터지겠다.,0
train_682,포가튼은 무슨 OOO이다... 뭐 수시로 뻥뻥하고 사람들이 하늘로 사라짐..,0
train_683,아...증말 머라 할말이...,0
train_684,뭔가 빠른 상황전개와 극적인 결말을 위해서 새로운 카메라 기법을 사용한건 좋았지만 그만큼 몰입하는데 방해가 됐다. 정신사납고 산만함....배우들의 연기는 좋았지만 대사전달이 ㅠㅠ 신선한 스토리는 좋지만 연출이나 장면묘사는 별로..,0
train_685,배우들은 잘못없다. 투자자들 돈받아서 이런망할거 만들어낸 감독과 작가가 한심한거지. 동방신기 휴~~~ 이걸 극장서 본사람들은 정말이지 ㅋㅋ,0
train_686,명불허전 인.어.공.주,1
train_687,네이버는 골 빈 것들만 모였나봐요.,0
train_688,'just enjoy the show' 돈을 쫓아가지말고 자신이 내키는 대로 살자,1
train_689,이거 재밌으면 영구와 땡칠이도 재밌다고 할 수준임ㅋ,0
train_690,너무 저평가되어있는 영화라서 올리겠습니다,1
train_691,스포츠 멜로물로는 잘만들어진영화이다.,1
train_692,"이건 정말, 철저히... 이유리의, 이유리에 의한, 이유리를 위한 드라마.였다.",1
train_693,중2때 극장 모퉁이에서 봤던 영화 ? 그때의 감동을 추억으로 더듬을 수 밖에 없는 쓸쓸함?,1
train_694,최근 코미디영화 본 것중에 가장 웃겼다.,1
train_695,일말의 동정도 없다,0
train_696,이유목적 불문한 쓰레기. 이것도 옴니버스라고.,0
train_697,이런거첨해본다? 참다참다 작은결혼식장에서 불끄고 신현준 나올때 딴데틀었다?짜증치밀어오름,0
train_698,아 볼트 너무귀엽고 웃기고 재밌다,1
train_699,좋다,1
train_700,꿈의 자동차 총출동! 엔초 페라리 VS 포르쉐 카레라 GT!!,1
train_701,진짜재밌음 잘만들고 연기잘함,1
train_702,"딱히 찝어낼수 있는 감동의 형태는 없지만, 삶의 모습과 방향은 참 여러가지라는 생각. 사랑의 모습과 방법은 각양각색이고, 변한다해서 사랑이 아니었던 건 아니다. 연출도 연기도 좋고, 흥미롭게 집중한 영화.",1
train_703,흔한_천조국의_게이물.avi,0
train_704,ㄱ- 헐.. 니콜라스가 아까워,0
train_705,그냥 원작을 그대로 만든 바뀐건 영어대사에서 일본어로 바뀐정도..원작시리즈를 봤으면 굳이 볼 필요가 없는 범작..,0
train_706,솔직히 괜찮았는데..7점 이상은 됌.,1
train_707,세월이 흘러도 빛을 잃지 않는 정패패의 우아한 액션,1
train_708,영화라도... 세상에 이렇게 괜찮은 남자가 있다니!!!,1
train_709,항상 진지하고 고급스러워야 잘만든 영화가되는 것은 아니다. 적어도 이 영화는 자신의 장르에 충실했다고 생각한다. 개인적으로는 테드보다 훨씬 재밌었다.,1
train_710,이 영화.. 최고다..,1
train_711,아...,0
train_712,아 너무아쉽네요 쪼끔만 더연장하지ㅠ 배우들 너무연기잘하셔서 몰입이 잘됫어요 특히 채시라씨!! 마지막화까지 눈물샘을 자극했다는ㅠㅠ,1
train_713,영화역사상 가장 위대한 배우/감독인 채플린에게 바치는 영화.,1
train_714,오늘 동키호테 봤는데 진짜재미있어욜~!,1
train_715,마지막 여운이 부족한 것을 다 채워 줬다.,1
train_716,갑작스런 이야기 전개에 놀랄 뿐이다.,0
train_717,왜0점은 없냐 죽기전에 침몰하는거 꼭보고싶다,0
train_718,15년 전쯤 본 영화인데 아직도 그 향기를 잊을 수가 없네요.,1
train_719,내가 본 애니 통틀어 최악;,0
train_720,기대한 것보다 재밌네요. 신인 배우들 연기도 풋풋하고 좋아요 ~^^ 다음영화도 기대할게요 힘내세요!,1
train_721,개봉한지 7년이 지나서야 보게된 영화 ...너무좋다..,1
train_722,"5시즌 들어서 끊었다,",0
train_723,헐~ 3편보다 재밌다..ㅋㅋㅋ,1
train_724,한집안의여자들이 정말 대단하네요 특히 송경령 멋지다~,1
train_725,피만 나온다고 다 영화가 되는게 아니랍니다..,0
train_726,[티모시달튼의 함정]이라는 제목으로 2003년 MBC에서 본 영화 재미는 별로,0
train_727,히든싱어 완전팬인데 아이유나온대서 안봤음~에이진짜담주는 꼭 볼게요~,0
train_728,"평생 기억할만한 영화,정상적인 소재는 아니지만",1
train_729,소재는 성인 껀데 연출은 초딩 꺼네,0
train_730,누가 월레스와그로밋에 10점을 주지않을수가 있는가~,1
train_731,진짜 재밌다.,1
train_732,난 이런 영화 좋더라........따뜻했어ㅓㅓㅓㅓㅓㅓㅓㅓㅓㅓㅓ,1
train_733,대학교가고싶어짐,1
train_734,멋지다.... 10자,1
train_735,애니가..18세부터 어른만보라고 18세청소년한테 일어나는데 청소년이 나이가안되서 못봐..ㅋ,0
train_736,아니 이거 옛날꺼잖아 왜보는거야ㅋㅋㅋ,0
train_737,이 영화는 이미 실화를 소재로 한 것 만으로도 10점을 주고 싶다. 개와 사람과의 사랑을 덤덤하게 또 잔잔하게 또 가슴 아프게 표현할 수 있을까. 익히 들었던 시부야의 하치를 또 다시 기억할 수 있어 좋았다. 정말.. 감명 깊었다.,1
train_738,정말 와닿는 한국의 이야기..,1
train_739,소재나 선정성은 둘째 치고라도 스토리가 완전 OOO기 연기도 OOOO 유이타츠미는 그렇다치고 여민정 쟤는 연기자 맞냐?,0
train_740,정말 웃기면서 성룡의 액션도 볼만한 영화였다 .,1
train_741,은근히 계속 긴장하게 만드는 흔하지 않은 스토리 전개가 좋았습니다.^^,1
train_742,내인생최고의드라마.,1
train_743,흔한 코메디.,0
train_744,재연배우들보다 연기 못하는 배우들만 모아놔서....참 내....이걸 영화라고...,0
train_745,김수미 임창정 예고편보고 낚였다.... 그장면보다 기분좋고 재미있는장면은 영화 전체 어디에도 없다.,0
train_746,두서없이 열어놓으니 봉합이 되지 않는다,0
train_747,지루하다,0
train_748,가슴이 먹먹......,1
train_749,나름대로 모든걸 보여줄려고 노력하는 모습이 좋았음,1
train_750,동화지만 정말 재밌게 봤어요 아름다운 색채!,1
train_751,헐-_-빌려봤다가 그냥 반납한 내생에 최초의 영화,0
train_752,쓰레기 죽을때 암이낫고 가지마 한마디에 마음이녹았다 까는놈들은 이해안가지만 오랜만에 재밌게본 한국영화. 아름답다,1
train_753,아빠 어디가 봤으면 익숙할것입니다. 재미 보장합니다.,1
train_754,운명의 장난. 어쩔 수 없는 불가항력인가보다...,1
train_755,이 때의 특수 효과가 현재 한국의 특수 효과보다 훨씬 좋네유. 어릴 때 재밌게 봤어유. 유아용이에유. 근디 제목 번역은 어느 바보가 한거야. 그냥 캐스퍼잖아.,1
train_756,아쉽다. 조금만더 꽁냥꽁냥 되지..<욕망,1
train_757,"살인의 추억급~ 치밀한 구성, 높은 완성도, 독특한 반전.",1
train_758,좋음,1
train_759,8점을 하고싶으나 평점이 좀 낮아서... 9점 클릭 했어요 그리고 영화가 전하고자하는 메시지가 상당히 많고 좋았습니다. 예지원씨 연기력도 굳!,1
train_760,난 저 둘을 믿었어...,0
train_761,정말 시간이 아깝다 차다리 종교방송을볼껄....,0
train_762,한마디로 최고임ㅋㅋ,1
train_763,태현오빠 짱♥이치 전우치 스릉흔드♥뒷북이지만ㅋㅋㅋ 다시보기로 이제봐서 죄송..;;,1
train_764,곧,0
train_765,잏,0
train_766,스토리도 정말 별거없구 엄청 지루함.,0
train_767,따뜻하고 잔잔한 감동의 이야기.,1
train_768,드라마에서 흔히 나오는 장면들을 짜집기 한 느낌...,0
train_769,그렇다고 7점대는 아니다,1
train_770,"창작의 자유라는 이름하에 한 범죄 중 하나. 이런 영화를 만든 사람들은 범죄자라고 생각한다. 국민기만, 역사왜곡, 국가모독 으로 퇴출되야한다.",0
train_771,감동과 추억이라까.....간만에 눈물이 글썽글썽.....아 감동,1
train_772,나도 1,0
train_773,시청률 한자리수인 이유가 있더라 ㅉㅉ,0
train_774,생각보다 네티즌 평점이 저조하네 엄청 잼나든데,1
train_775,"""""""이 영화에서 볼 만한 것은 제시카 알바의 샤워씬과 탱크탑 모습뿐이다"""" 라는 평이...""",0
train_776,재미나게 봤음~!,1
train_777,여우가 참 여우주연상감이네요,1
train_778,"안티플롯의 대표적인 영화라서 일반적인 기준(스토리가 인과관계에 따라 연계되는 스타일)로 감상하면 안됩니다. 표현력, 상징적인 부분의 연계성을 유심히 살펴보시면 좋을듯. 별점은 평점조절용임",0
train_779,성인영화도 아니다... 스릴러물 비슷하게 좀 만들러보려고 한 그냥 3류 영화,0
train_780,최고다,1
train_781,이런 거지 같은 영화... 산만하고 집중력도 없는 3류영화다.,0
train_782,역시 웨슬리 스나입스.. 좋다..,1
train_783,정말 막장드라마 아님!! 작가님이 말하고자하는것이 있음!!정말 연기 좋고 스토리 좋고 전개빠름!백년의 유산이랑 같이 붙었음 이겼을텐데안타까운드라마임,1
train_784,무미건조한 집착의 세레나데,0
train_785,여자 주연 참.... 이런 것들 만드는 한국이라는 국가 참...,0
train_786,로버트랑 우마서먼땜에라도 궁금해서 봤는데 이건뭐ㅋㅋㅋ평점10점이나 감명깊게봤다는 사람들 수준이 심히무섭네요 쓰레기가튼넘을 극미화시키고 여배우들로 좋게 포장한듯 보이나 감동도 메세지도없고..치명적인유혹?찌질하다못해 불쌍하기까지...,0
train_787,쓰네기,0
train_788,이런영화인줄 알았으면 안봤다.....지루해서 죽는줄 알았음.......,0
train_789,아름다운 마녀를 보는 것으로 만족할 수 밖에 없는 그냥 동화,0
train_790,처음외엔 정말 볼게 없는 영화,0
train_791,배우들의 역션신이나 연기같은건 좋앗는데에비해 내용은 진짜빈약 그냥 나쁜놈 쫓다가 죽이는게다 그과정에 몇명죽고,0
train_792,구름뒤에는 태양이 있다.,1
train_793,백마탄 왕자 컴플렉스의 남성버전. 선악이 뚜렷한 캐릭터들로 시청자들의 약을 바짝 올렸다가 권선징악의 단순한 속후련함으로 시청률을 유지하는 전형적인 한국형 여의도 드라마.,0
train_794,TV시리즈보다캐릭터면이 많이 안좋네요,0
train_795,변태국 일본,0
train_796,최악의 영화.. 속지말자.,0
train_797,지루하다..1점준놈들중 한국영화는 죄다 10점주는 M창있다.,0
train_798,d원표를 황비홍1때보고 나이를 연연하다니 ... 쾌찬차나 성룡홍금보원표의 트리오 시대를 못봣구만,0
train_799,가끔은 볼만한 액션이 끼어있긴 하다 ;;,0
train_800,실화라고 들었는데....과연,1
train_801,굳이 전편과 비교하지 않아도 이건 그냥 90년대 싸구려 구식 에로비디오에 지나지 않는다.,0
train_802,1점,0
train_803,나는 엄청 재미있던데 별로면 말고,1
train_804,남자 다운영화,1
train_805,말도안되는액션+감동을억지로짜내는듯한느낌=재미없다,0
train_806,유유,0
train_807,죽기직전 엄마를 보고 오열하는 가족들을 잊을수 없다...가족도 마땅한 친구도 없이 말도 할 수 없는 상태로 병동 침대에 누워있는 할아버지도 가여웠고 마음 속에서부터 눈물이 나오는 듯 했다... 하나님 왜 이렇게 힘든 삶을 살게 하셨나요...,1
train_808,이게 왜 7점? 잼나고 감동적이구만,1
train_809,정말 열심히 본 보람이 있다. 배우 캐스팅도 만점일 정도로 시너지가 완벽 발산.,1
train_810,쓸데없이 흔들어대는 카메라덕에 멀미만 남,0
train_811,이번에도 라이브를 수작으로 그려놔서 굉장히 좋았습니다. 매주 꼬박꼬박 챙겨보고 있는데 굉장히 재밌습니다. 추천!,1
train_812,정말 집중해서 재미있게 본 영화!,1
train_813,부끄럽지 않나? 무간도 ㅉㅉㅉ,0
train_814,대박임,1
train_815,람보.. 2편부터 미제국주의의 심볼아닌 심볼로 이상하게 변질되어 가다,1
train_816,영화는 머 인정ㅋㅋ실화니까 근데 난 무섭지는않앗음...,1
train_817,OOO기 영화 집어치워라,0
train_818,딱 고등학교 졸업작품수준 류현경빼고 연기자 죄다 어색 오글이냐 내용도 이상하고 감독찾아보니 84년생 여자 GG 칠민하네,0
train_819,시리즈 중 최악... 약발다한 프레디...ㅉㅉ,0
train_820,"최고의영화,말이필요없다..눈물,감동..재미..100%",1
train_821,평이하고 담백한 이야기. TV 단막극 같은 느낌.,0
train_822,잼XX,0
train_823,진짜재밋고 연기도다잘하시는데 이경이가당한만큼 못갚는게짱남 ㅡㅡ,1
train_824,멘붕이다 살려줘 하하하하,0
train_825,주인공에게 다가온 최대의 반전.. 간만에 좋은영화..,1
train_826,별점10주는 사람은 이해할수가없음 끝에도 허무하고 별로ㅡㅡ 최악의영화,0
train_827,뭘전하고자하는지는알겠는데 중간중간 어이없는연출들 빨간머리여자는왜나온거야,0
train_828,띄어주기 홍보용은 이제 그만.,0
train_829,정말 유치해서 못봐줄 수준의 3류 코미디,0
train_830,롤랜드 에머리히의 유일한 대작,1
train_831,유지태 놈이 떄문에 1점!,0
train_832,과연 믿고 보는 기타노 다케시,1
train_833,타마코 연출은 좋았어요 .. 예상치 못한 고백받았을때의 느낌이랄까 하지만 모치조군 뭔가 좀 부족하네요 스토리만 좀만 더 좋았어도 평점 10점 주는건데..재밌게 잘봤습니다.,1
train_834,소재는 좋았지만 처참할정도로 연출력 후달린 영화... 있던 감동도 뻥지게 만드는..,0
train_835,70년대 영환줄알았다. 사건의 원흉 민폐 낸시박사 OOO.,0
train_836,우리가 사는 인생을 꾸밈없이 영화에 담아놓았습니다.,1
train_837,학교에서 체육쌤이 보여주심ㅋㅋㅋ재밌었음ㅋㅋ,1
train_838,"""시크릿 가든 한 편도 빠짐없이 재미있게 본 드라마슬프면서도 아름다운 사랑이야기..하지원,현빈,윤상현 코믹하기도 하고 진지하기도 한 쳥춘들의 이야기""""이태리 장인정신 한 땀 한 땀"""" """"이게 최선이야"""" 현빈이 유행신킨말""",1
train_839,내용도 그렇고 별로 맘에들지않는다.......,0
train_840,어릴적에 참 재밌게 봤고 지금 봐도 재밌다.,1
train_841,헐,1
train_842,차승준 멋있었어요~,1
train_843,이누도 잇신 감독 영화라서 봤는데 정말 재밌었음. 진짜 보통 전쟁영화가 아니고.. 감독 특유의 연출력이 돋보임. 감동도 있고 원작이 있어서 그런지 스토리도 굉장히 탄탄함.. 강추!,1
train_844,"내 인생 중, 솔직히 - 한국 영화에서 이런 대작을 보게 될 줄은 생각못했다.",1
train_845,용기! 인상 적 입니다믿음! 헌신!,1
train_846,이젠 그냥 누워서 봐도 꿈속에서 펼쳐지는 영화,1
train_847,이토록 아름다울수 있다니!!,1
train_848,이 영화가 재미있는자 날 욕해라. 그리고 돌을 던져라,0
train_849,"배우는 공과사를 구분해야한다지만, 강혜정 임신중이었을때 이런영화 찍어도되나싶음",0
train_850,OO 이런 영화는 쌍팔년대나 통하지 지금은 흥미요소가 거의 없다. 으메 아까운 시간만 날렸네 이거볼 시간에 아무것도 안하고 가만히 있는게 낫다.,0
train_851,고무줄 쏠 때 웃겨 넘어가는 줄 알았다.,1
train_852,성룡의 감은 완전 사라진듯,0
train_853,평식이 형이 6점준거면 나름 후하게준거에요ㅋㅋ,1
train_854,"개봉당시엔 평점9점짜리였을지 모르나 지금 보기엔 5, 60년대 영화답게 딱딱한 연기력부터 이미 눈에 거슬린다. 로마사 시대극의 교과서로 자리매김했지만 궂이 찾아볼만한 가치는 느끼지 못했음 지루한 수업을 받는 기분이었다. 현재로선 6점이 적당",0
train_855,이적의 소설. 재미없다.,0
train_856,완저언 재밌고 도술쓸때도 다양한 도술! 넘 재밌어요!,1
train_857,이거보고 용화오빠한테 홀딱 반했다 ♥,1
train_858,소재가 제일 마음에들었다 오랜만에 보니깐 무섭다,1
train_859,미국에서 엄청난 대박으로 시리즈로 만들어진 영화. 상받은 영화답다!!^^,1
train_860,아 오늘마지막회 ㅜㅜ 닥본사~,1
train_861,이거 보면서 웃기도하고 울기도하고 감동먹기도 하였다. .,1
train_862,아.............뭐..................그냥..............시간 아깝다 ㅜㅜ,0
train_863,왜 영웅본색인지 왜 주윤발인지,0
train_864,글세 이건머 별로 무섭지도 않고 스토리도 영.... 몰입도도 별로인거같고 근데 왜이렇게 점수가 높은겨....,0
train_865,시규어 로스의 음악과도 같은 쇼메가 묘사한 스코틀랜드의 아름다운 자연속에 토끼를 풀어주는 장면은 잊을 수가 없다,1
train_866,역대급 명영화다. 한국영화사상 5손가락안에 꼽을 만한 명작품!!!,1
train_867,장재인이 없는 결승전이라 시시한 경쟁이었음.,0
train_868,배우들의 연기력은 최고였으나 뭔가 아쉬운 영화,1
train_869,와우..니가더너무하다,0
train_870,한국에선 끝이라고 생각될때 진짜 끝이다.,0
train_871,러브홀릭스 butterfly 듣다 보니까 이 영화 생각나서 눈물닐뻔 했습니다....ㅠㅠ 제가 지금 중1인데 한 3학년때 즈음에 본 기억이 나네요. 그때의 감동을 잊을수 없습니다...,1
train_872,재미있겠는데 아직 않나와서 못봤어요ㅠㅠㅠ,1
train_873,프랑스영화끝내준다.. 솔직히돈들인헐리웃영화보다연출이나 배우들연기도훨씬나은듯.,1
train_874,이게 진리지.. 내가 페제만큼이나 좋아하는 작품... 작품성은 참 끝내주고 기법도 다양해서 참신하다.,1
train_875,베스트오브더베스트시리즈중 최악의영화 어떻게 지나거손이 이런영화에 출연했지,0
train_876,잔잔한 드라마..용서와 사랑...그리고 어머니,1
train_877,빠순이들이야 말로 냄비로구나. 영화 한편 봐주는게 그렇게 힘든가!! 첫날 500명이 뭐야 500명이!!,0
train_878,"'영화가 좋다'에 소개되는 거 보고 눈물까지 다 났다. 방황마저 낭만으로 느낄 수 있었던 90년대의 감성을 느낄 수 있는 명작. 요즘은 이런 감각적 영상의 여유조차 즐기기 힘들 만큼 영화도, 영화가 투영해내는 현실도 너무 건조해졌다. 아쉽다.",1
train_879,가나다라마바사아사차카타파하,0
train_880,"스릴이 넘치지도, 배꼽 잡게 웃기지도 않지만 끝까지 보게 하는 힘이 있습니다. 할머니의 절제된 연기도 좋았습니다. 영화적 재미 이외에도 사람들이 이 영화를 많이 봐서 화제가 되어야 이 영화를 제작한 의미가 제대로 살 수 있을 텐데... 많이들 보셨으면",1
train_881,10글자채우기...,0
train_882,커트 러셀의 청춘은 볼 수 있지만 재미는 없는,0
train_883,샘과 수지 영원하길~~,1
train_884,진짜눈물이폭포다폭포...,1
train_885,견자단하나만으로 좋앗는데 이영화는 중국사람만 보는영화다 진짜로..,0
train_886,"친구의 우정, 우정이 있다. 친구는 힘들 때 떠나지 않는 것이 친구다.",1
train_887,암살자들의 개성을 잘 살려서 좀 더 짜임새 있게 만들었다면,0
train_888,"좋은 것은 모두 모아, 억지스런 해피 엔딩, 싫다.",0
train_889,기대하지,1
train_890,재밌는추억의영화!!,1
train_891,쉣뜨쉣뜨쉐엣뜨쒯쉣쉣x10,0
train_892,너무 과평가 되있는듯한..세련미 떨어지는 영화,0
train_893,어처구니없는 이기주의자. 그럴거면 진작하지 왜 죽을때다되서 그OO인게야?,0
train_894,잔잔하고 여운이 남는 영화,1
train_895,다크나이트 연관 영화라니 ㅋㅋㅋㅋㅋ 쪽팔린다 ㅋㅋㅋㅋ 개형래,0
train_896,한국 스릴러로서 긴장감이 생각보다 높음. 깜짝깜짝 놀라게 만들어서 심장 박동수가 엄청 올라감.,1
train_897,굉장히 유쾌하고 가볍고 순수한 영화군요. 근데 집에서 봐도 괜찬네요,1
train_898,영화와 같이 나의 정신도 산으로 ...................,0
train_899,ㅋㅋ구라찍는프로ㅋㅋㅋ존나호구들,0
train_900,영상으로 보는 책 같다고 생각했음.,0
train_901,정말 묘하면서도..재밌는 좋은 영화..!! 역시 덴젤...,1
train_902,여기가 알바천국 이구만,0
train_903,여배우가 분장을 안해도 귀신들린 사람같습니다,0
train_904,죽기전까지 이 두 연기거장의 팬으로남겠다,1
train_905,어린이들을 위한 아담샌들러의 영화 그래도 재밌게 봤다,1
train_906,"니들이 이성적으로 다가갈수록, 인간이라는 존재는 더 악해진다. 북한이 그예이다.",0
train_907,솔직히 감독도 만들다가 포기했을것 같다.,0
train_908,재밌는데...,1
train_909,다른 영화들과 달리 처음부터 끝까지 긴장감 있어서 좋았고 그저 그런 스토리를 이렇게 잘 풀어놓은것도 훌륭하다,1
train_910,와노잼이네요 ㅋ보다가잣어요평정0없어요?ㅋㅋㅋㅋ수면유도영화인줄;,0
train_911,평점 0 이다. 이건.,0
train_912,시진핑 체제의 중국 문화의 퇴행을 보여주는 아둔함,0
train_913,"판에박힌 대사와 스토리, 어색한 오버연기, 절망적인 연출까지... 해도 너무한다정말",0
train_914,보지도 않았는데 감동부터 오네요,1
train_915,치명적으로 아름답고 비극적인 여자의 삶과 그녀를 짝사랑하는 소년의 유년기를 천박하지않고 순수하게 그려낸 명작! 마지막에 다시 마을로 돌아온 그녀가 시장여자들을 향해 담담히 먼저 인사를 나눌때 누구보다 기품있었다.,1
train_916,그립다 ... 하.. 아려한 영화,1
train_917,중고딩들이 만들 영화 같아,0
train_918,겉멋만 잔득 든 영화. 새로운 시도는 인정하지만 이런 난해한 영화는 그저 그냥 그저그런...,0
train_919,넘흐 좋아~~~ 닥치고 오드리^^,1
train_920,그냥 누구에게나 있는 그런단점들 중독 결점 나도 가지고있는 것들,1
train_921,3점이 아무도없어서...,0
train_922,그냥 10점인게 어이 없어서 0점 주는 거임(악의는 없어요),0
train_923,정말 감명깊고 여운이 많이 남는 영화입니다.김수환 추기경님께선 이 시대의 진정한 영웅이자 수호천사였습니다.영상으로라도 다시 보고 생각하게 해주셔서 감사드립니다.,1
train_924,낯설음 보다는 신선함에 가까운... 독특한 분위기에 전도되고 말았다.,1
train_925,조악한 각본..개성없는 연출..어디선가 본듯한 장면들 연속..,0
train_926,좋아요,1
train_927,아 개 재미 없어,0
train_928,과도한 설정과 과도한 연기,0
train_929,어찌 만화가 더 무섭다냐...,0
train_930,일본에서는 영화 티켓사기만하면 솔블레이즈 주는데 왜 한국에는 안주나여?,0
train_931,괜찮은데 왜??,1
train_932,난 참 재미있고 감동스럽게 봤는데;; 아랫분 이상하시네여 자기만 싫으면 다 알바라지,1
train_933,내가 기억하는 가장 따뜻한 영화중 하나,1
train_934,이거 서울서만 상영하나보네요.브로드웨이시네만가? 왜지?,0
train_935,초등학교 2학년때 첨봤는데...지금봐도 정말 최고..^^,1
train_936,졸작 김민종 너 김민종맞냐??????????????????????????,0
train_937,평점에 속았다. 십대남자가 가장 좋아한다는 말이 이제야 이해가되네.유치찬란 ㅜㅜ,0
train_938,"부정하고 싶지만, 받아들어야 하는 영화",1
train_939,경감이 창문올려다보는거보니 잡으러 온거네 천국을 선택했다지만 감옥가야된다.. 엔딩후 극도의 피곤함과 몰려오는 이 분노는 뭐지,0
train_940,아..다코타패닝연기가진짜..조용한분위기에서 표정하나로 훅 치고 들어오네요. 진짜 저는 감정이입제대로 되서 통곡할뻔 너무슬프네요. 재밌었어요,1
train_941,"영화는 그럭저럭 웃긴데, 배우들이 왜케 못생겼냐. 기성배우들은 연기력좋고 괜찮은데 주인공 여자두명 참 별로네 글케 배우들이 없나???",0
train_942,220억 어디갔어? 시간 낭비만 했네 쓰레기 영화,0
train_943,아주 재미 있게 봤습니다,1
train_944,good,1
train_945,오 뮤지컬 너무 좋아재미있게 잘 봤다,1
train_946,"한 사람의 영향력과 음악이 많은 아이들에게 꿈과 희망, 그리고 변화를 줄 수 있다는 것을 보여준다.",1
train_947,오... 마지막 장면....,1
train_948,정보석 진지희 나레이션은 좀 별로지만 영상이 너무 좋아서 만점!,1
train_949,혁명이 뭐냐?,1
train_950,노출을 떠나 주연이라고 적혀있는 구지성은 몇컷 나오지도 않음 뭐지?,0
train_951,가슴이 따뜻하다. 좋다.,1
train_952,미친,0
train_953,방황하던 청소년즈음 가슴에 와닿는 영화입니다,1
train_954,기독교 사람들의 말을 듣지마시고 보세요.ㅋ,1
train_955,형편없는 드라마네요. 질질 끌기만하고 작가의 역량이 보이네요,0
train_956,내가 왜 프랑스 영화를 싫어하는지 다시 일깨워준 영화,0
train_957,왕조현 미모 10점 만점에 10점.. ㅋㅋ,1
train_958,두 부자가 겪는 사랑의 조심스런 시작에 관한 마이크 밀스 감독의 섬세한 터치. 주인공들과 강아지 아서까지 모든 캐릭터와 음악과 삽화들과 교차편집까지 이토록 예쁘고 사랑스러울 수 있을까. 다운받아 수시로 틀어본다.,1
train_959,"영상미 , OST , 스토리 모두 좋았다.",1
train_960,정글의법칙 이라..?,0
train_961,배우에 비해 영화가 영~~~,0
train_962,별 0개 주고 싶지만 1개밖에 못줘서 1개 줍니다.,0
train_963,그냥 기대없이 본영화.. 역시나 아무것도 없엇다..;;;그래도 생각없이 보기엔 막 지루하기 까지는 아니다반전 넣은것보다 그냥 그 룸메이트에대해서 왜그렇게 될수밖에 없었는지 이야기를 풀어나갔다면 재미있엇을텐데강아쥐 머리장면에서만 깜놀;,0
train_964,실감나는 현실적 영화..,1
train_965,정말 95년 영화라는게 믿기지 않을 만큼 탄탄한 스토리에요,1
train_966,생각외로 약한 폭발력에 뒷맛만 밍숭맹숭.,0
train_967,전형적인 전파낭비 프로!!! 다시는 만들지 말어라!,0
train_968,저도 이 영화보고 운적있었습니다,1
train_969,풋풋함으로 완성도 낮은 습작 수준을 덮어버리기엔...,0
train_970,너희들의 유치하고 추잡한 상상을 영화로 만들지 말자~,0
train_971,특강 감사합니다. 다시 보고 싶은 작품입니다,1
train_972,좋습니다 짱짱짱 재미있습니다,1
train_973,발로 만들어도 이 영화보다 낫겠다. 아~. 이건 뭐 재미도 없고 스토리도 없고 ... 참 오랜만에 보는 답없는 영화임.보면 절대 후회함..,0
train_974,무턱대고 별점깎지말고 정말 이영화 제대로 본 사람들이나 말해줬음 좋겠네..음 진짜 내 편견과 시야를 확 바꿔놓았던 좋은 영화! ㅠㅠ 웃기도하고 울기도하고 재치있으면서도 좋았음,1
train_975,최고다 이 말 밖에 할 수가 없다,1
train_976,전형적인 머피식 코메디의 약화,0
train_977,이 짧은 영화에 언어의 구사 필요없이 한없이 많은 뜻을 담을수있다니...,1
train_978,다큐라는 장르의 자연스러움 대신 억지스러움만 남았다,0
train_979,꽤오래전에 봤던건데 좀 실망했다..변한게없으니.....,0
train_980,노튼.. 너무 실망스럽다...,0
train_981,이런류의 내용 너무 재미있다!! 역시 영화는 스릴이 최고임! 반전의 반전 거듭!,1
train_982,진짜 재미없음 아오ㄷㄷㄷ,0
train_983,사회적 문제의식과 스토리의 잔잔함이 잘 조화를 이룬 영화같네요ㅎ.주제가도 귀에 감기네요^^,1
train_984,"마음이 훈훈해지는 영화~ 정재영, 수애 비롯해 모든 배우들 연기도 좋네요",1
train_985,스타뎀 형님의 얼굴에 먹칠을 한영화..,0
train_986,무심코 봤지만 너무 많은걸 얻어간 영화. 최고다.,1
train_987,재미있게 잘봤습니다 역시 고수희씨 영화라 기대하고 봤는대 명불허전 멋지셧음,1
train_988,좋은 영화고 우리 기억으로 남겨야만 하는 영화네요.,1
train_989,내 가슴에 스트레이트로 꽂히는 스토리..,1
train_990,사실 드라마속편인 영화인데 .. 드라마 안보고 봐도 재밌다. 옛날 생각나서 별점 찍고 감,1
train_991,역시 케이트 블란쳇,1
train_992,반지의 제왕을 꿈꿨지만 현실은..,0
train_993,간만에 몰입해서 봣네요 이런영화가많아지길,1
train_994,"② 그로써, 자신의 수준도 높게 평가될 거라 착각하기 때문임.. 멍청해 한국 뮤티즌 .",0
train_995,대체 여자가 몬데 ㅡㅡ*,1
train_996,역시.. 기가막히군 ㅋㅋ 대단함,1
train_997,"재밌을 법한 소재인데, 소재를 잘 살리지 못 한 듯",0
train_998,"애절한 사랑, 놀라운 반전, 환상의 SF.",1
train_999,지루하다. 긴장감도 없다.,0
train_1000,원작파괴 제발3편나온다고하지마 제발제발제발,0
train_1001,단지 배우들의 연기력 만으로 8점후반대의 점수를 받기엔 거북할 정도로 억지스러운 설정뿐인 영화였다 흔한 감동 눈물 짜내기 b급 한국영화와 별반 다를게 없었다고 생각한다. 작품성을 제외하고 오락으로서도 개인적으론 지루하기 짝이 없고..많이줘야6점,0
train_1002,과거 일본의 만행을 많은 사람들이 알았으면 좋겠다.,1
train_1003,'식스센스'의 반전과 '인셉션'의 여운이 있는 상당한 수작,1
train_1004,간만에 공포영화 보니... 무섭쟈나... 무서워~,1
train_1005,"눈을 뗄수없었다..쌓였던 우울과 분노가 스르르 사라지는 느낌..진짜로..일어날지도 몰라,기적",1
train_1006,뜬금없는 뮤지컬.....-0-;,0
train_1007,제일 과대평가 받는다고 느끼는 감독 두명 이준익 장진,0
train_1008,loyalty loyalty!!,1
train_1009,아오 진짜 죽이고싶다,0
train_1010,最惡,0
train_1011,어중간한 커플들의 어중간한 마무리,0
train_1012,뮤지컬을 영화화 하기에 좋은 작품이었고 나름 현장감 있게 잘 담은듯.,1
train_1013,"픽션이란걸 알면서도, 결국에는 수긍할 수 밖에 없는..",1
train_1014,저희...한국영화 수준이 정말 이것밖에 안돼는 것입니까?? 황당합니다.. 소고기라니,0
train_1015,[4점] 유치뽕짝,0
train_1016,이게 도대체 무슨장르인데,0
train_1017,10점 웬만하면 안주는데 이 영환 줘야겠다. 마지막에 이재응이 엄마 미안해.. 엄마 사랑해.. 할때 나도모르게 울컥했다.. 꼭 봐야될 영화 중에 하나이다.,1
train_1018,평론가들 평점이 어이가 없어서 로그인하게 만드네 ㅋㅋ 세상에.. 이게 6점?? 극장에서 본 내생애 최악의 영화다.. 1점도 아까움,0
train_1019,언더월드의 아류작,0
train_1020,오래전 봤던 기억. 최고의 작품.,1
train_1021,진짜 재미없다 김명민나와서 봤는데,0
train_1022,최고. 이걸 안본사람들은 진짜..아이돌들 나와서 발연기하는 드라마나 보고 에혀 불쌍합니다. 이런게 드라마죠.. 그냥 웃고 즐기는 거 말고,1
train_1023,"가장좋아하는 그룹이 10대 여자... 그놈의 엑소,엑소....니네랑 일베충이랑 도찐개찐이라는게 트루?",0
train_1024,그 힘든 독립영화 개봉에 어찌 이런 수준의 영화가.,0
train_1025,이쯤되면 밝혀질때도 된것같은더 넘 질질 끄네요 ㅡㅡ소재가다한건지 친자확인가지고 넘 지겹도록하네요!!,0
train_1026,뭐 이런게 다이,0
train_1027,지루해서 끝까지 다 볼 수가 없다.,0
train_1028,봐버렸어.. 전설의영화를....,1
train_1029,.,0
train_1030,"소재는 괜찮은데, 너무 식상한 유머감각",0
train_1031,"웃기지도 않고, 스토리도 짜증스럽다",0
train_1032,헐리우드도 우리도 다 미쳤어.영화 소재가 바닥나긴 났나 보다.,0
train_1033,짐캐리 매력이 좀 떨어지는 영화.. 오그라드는 감동,0
train_1034,주제에 비해 복싱은 쌩뚱맞다,0
train_1035,흔한 삼류 판타지 영화cg 도 별로 스토리도 별로,0
train_1036,재밌는데 평점이 낮은이유 대체 뭐냐,1
train_1037,너바나 광팬인 내가 봐도 이 영화는 아니올시다.,0
train_1038,크림슨 타이드를 보는 듯한 착각,0
train_1039,너무 늙었어 쉬게 해줘.,0
train_1040,어나니머스 옹호자 영화일뿐,0
train_1041,뜨거운 눈물을 흘리게 될 것이다!,1
train_1042,태어나서 첨 리플 달아본다 이 참을 수 없는 분노는 뭘까.차라리 우뢰매를 볼껄,0
train_1043,이제 성시경 안나오는구나... ㅠㅠ아쉽다...브레인 성시경 왜 빠졌나요??,0
train_1044,와...와....이런영화는 개봉하는데 위안부영화 귀향은 배급사가 없어서 못한다고?...,0
train_1045,"나는 괜찬아요 , 이 말이 내가슴을 더욱 조여온다",1
train_1046,마지막 3편 정말 감동입니다. 가슴에 남는군요,1
train_1047,사람들의 평점이 없을정도로 흥행에 실패한걸로 보인다,0
train_1048,뭔 별점을 안주면 등록이 안되네! 별이아니라 욕바가지 줄만한 드라마네!Sbs드라마 이제 안본다 작가수준뿐만아니라 두여자의방 관계자 싸그리 욕먹을만한 창피한 수준의 드라마!,0
train_1049,폴 워커씨의 유작이라해서 보았는데 평이 안좋은 이유를 이해할수가없네요;; 뻔한 스토리라고들 하지만 카 액션과 연출이 나름 분노의질주 시리즈의 마이너급이라고 봐도 손색이 없을것같은데 말이죠,1
train_1050,흥미위주의 가벼운듯하나 잔잔한 감동도 느낄수있던 시리즈였는데 ?영화는 쓰레기네요,0
train_1051,내가 본 명작 중에 하나...이거 중학교때 봣는데 엄청..펑펑..울었다너무 아름답고 감동적인 영화에요주변에 영화좋아하는 분들에게 추천!!!,1
train_1052,강동원! 이런 드라마만 출연하면 인기 얼마 못간다~,0
train_1053,안타까울뿐. 안타까울뿐.,0
train_1054,무지한 시대앤 그나마 먹혔던...,0
train_1055,남상미 때매..평점올려야지..ㅡ.ㅡ,1
train_1056,데즈카오사무 아톰은 미국어느만화에도 존재하지않는 독창적 케릭터다.근데 기념비?,0
train_1057,소소한재미로 볼만하고 재밌어요,1
train_1058,1편의 긴장감과 스릴을2편은 편안함과 평범함의이하.. 볼 가치가 있을까의리..인가,0
train_1059,그래도 노무현씨만 할까요??ㅋㅋ,0
train_1060,해도해도 너무한다꼭 사람을 죽여야 극이되나요~~문지상 막판에 죽이는설정 너무 하는군요^^이런 악행까지 저지르게 하는건!,0
train_1061,옛날판이 더 좋아,0
train_1062,가족에 대한 소중함을 느끼게 됬어용~!!!,1
train_1063,극한으로 지루하고 노잼이다 진짜 말그대로 걷기만하다 끝난다.. 뭔가 긴장감도 없고 반전도 없고.. 재미로 볼생각이면 보지말고 시간이 너무 남아도는사람이면 추천한다솔직히 평점 왜높은건지 이해도 안됨,0
train_1064,푸하하하하; 님들아 포토사진에서 심형래한번 보시길..,0
train_1065,ㅋㅋㅋㅋㄱㄱ잼잇닼ㅋㅋㄱ,1
train_1066,완전 쓰레기 영화입니다. ^^ 스릴러는 말뿐. 초절정 저예산 허접시나리오 영화. 정말 시간아깝네..,0
train_1067,내가 머리가 나쁜가보다.. 뭘 의미하는지 알수가 없구나,0
train_1068,이정도 평가 영화는 아니지만 이런류의 영화는 이제 질렸다,0
train_1069,난 정말 재밌게 봤는데 적당한 긴장감 로맨스와 깔끔한 스토리 라인,1
train_1070,"마지막장면 좀 이해가안가는데, 여성상위로 떡치는여자가 숙희? 마담?? 마담은 소장이랑 배타고 섬을떠났고, 구럼숙희인데 ... 숙희가 위에서 ㅡㅡa 클로징장면이 대체 뭘 의미함 .. 어이없네 ㅋㅋㅋ",0
train_1071,밀당/사랑싸움도 임무수행도...흥미없고 그저 지루하기만...약하다 약해...,0
train_1072,반전이 새롭지도 않고.. 이거 유명한 영화 다 베껴온 느낌은 뭐지..,0
train_1073,"내가 만들고 싶던 바로 그 작품.,",1
train_1074,가벼운것 같으면서 매력적이다.추천!,1
train_1075,보는데 눈이 아픈 cg/...,0
train_1076,폼잡지 말고 차라리 단순한 스릴러로 포장했더라면 하는 아쉬움이 남네 ㅜ,0
train_1077,짝퉁 찐따 팬더 진바오 꺼져,0
train_1078,"아 완전 어이없네.. 평점 믿고 봤는데 무섭긴 개뿔.. 장난하냐? 공포영화보는데 영화관에서 아무도 비명 안 지르고, 오히려 다같이 빵터졌다",0
train_1079,진짜 영화더럽게못만들었네ㅡㅡ캐스팅도최악이고 늑대의유혹이랑비교된다 하...그리고 쥰나오글거려서 미쳐버리겠다 ㅗㅗㅗ,0
train_1080,아 ㅋㅋㅋ 이건뭐병맛,0
train_1081,아~ 제발 좀 이딴 영화좀 찍지 마요 형님!!... 클레멘타인이 문제였어 ㅠㅠ,1
train_1082,재밌다,1
train_1083,휴~ 이제그만하자.....,0
train_1084,배우도 감독도 모두 묻어버린 영화.,0
train_1085,헐 이렇게 재미없는 상어 영화는 처음이다. 마지막 정말 허무하네,0
train_1086,완전 무서운데 평점 왜이래 ㅠㅠ 존니 무서움 ㅠㅠㅠㅠ,1
train_1087,Beatles가 그리워,1
train_1088,"영화 괜찮는 편이고, 힐러리 때문에;;; 가산점으로..ㅡㅡ;",1
train_1089,solitude,1
train_1090,최강의 파충류 스릴러! 결말은 어떨까?,1
train_1091,내용과는 별개로 순수하고 해맑은 정신의 감독이 제작한 거 같다. 다음작이 기다려져,0
train_1092,잔혹한장면은 없지만 심리 전개가 훌륭함.. 소설가 공지영을 닮은 악역의 연기도 일품,1
train_1093,너무 재미있고 감동적이였어요.,1
train_1094,만화보듯 보면 재미있다고? 만화 모욕하지마시길.,0
train_1095,본방사수였는데..보다체널돌림..ㅜ내용이점점뻔해지는듯,0
train_1096,어설퍼,0
train_1097,0점은 왜 없는거야...,0
train_1098,와 10점으로 낚시하는 색히들은 진짜 뭐냐ㅉㅉㅉ,0
train_1099,예전에 보고 다시 봤는데 역시 최고,1
train_1100,박치기 하는 것만 좀 피식하고 나머지는 2시간짜리라 길어서 지루했어요ㅜ,0
train_1101,다시봐도 최고.,1
train_1102,"진짜로, 한국영화 중 가장 낳은 작품중 하나. 안녕 유에프오 이후.. 유퀘하게 본 영화",1
train_1103,졸음을 이기지 못하고 넉다운..,0
train_1104,"안락사,존엄사에 대해 진지하게 생각해 볼수있는 슬프면서 유머도 있는 좋은 영화였다.",1
train_1105,"이 드라마 속에는 스릴, 로맨스, 감동, 가족애, 우정 등이 함께 다 담겨있어 정말 재밋게 봤습니다. 특히 마지막화에서는 저도 그들 중 한 일원이 된 것처럼 슬프고 기뻤습니다.",1
train_1106,완전 재밌어요!! 아쉬운건 고등학생이라 집에늦게와서 본방을 놓친다는게 .... ㅠㅠㅠ 암튼 너무너무 기다려져요+-+!! 담주엔 꼭 본방사수 해야겟써요,1
train_1107,완구장사바람잡이일에 눈이 어두워져서 영혼을 악마에게 팔아버린 애니메이터의 비애.,0
train_1108,재밌다,1
train_1109,안젤리나 졸려~~~,0
train_1110,"영화 이상함,,,, 모지,,, 주먹구구식 에로물인가,, 주임공 남자배우분 아깝네요,, 첫영화라니,,,",0
train_1111,블랙 코메디라고 만든건가? 글쎄 그다지;,0
train_1112,진실이라는것도 결국엔 본인이 만들어낸 기억..여운이 가시질않는다.보는 내내 답답하고 끝까지 실낱같은 해피엔딩을 믿고싶어지는..실화였으면 슬퍼서 잠도 못잘뻔했다.천만다행,1
train_1113,와....어떻게 어린이전용영화는 영구시리즈에서 하던 연출과 변화가 없나. 화질도 예전에 보던 그대로고 남기남옹의 작품인줄 알았네.,1
train_1114,굳이 봐야겠다고 우긴다면 말리진 않겠다.,0
train_1115,솔직히 액션 몇장면빼고는 전혀 노잼....,0
train_1116,신선했다,1
train_1117,ㅋㅋ좋다 잘 봤다...,1
train_1118,"마이클오브로위츠.니가감독이면,난마틴스콜세지겠다.아니면안드레이타르코프스키거나.",0
train_1119,도자기 배우러 일본으로 유학을 가나...................,0
train_1120,"좋은영화, 그렇게도 살아간다.",1
train_1121,잼써여 영화에서 전하려는 내용이 은근 뜻 깊은 것이 많기도 하고요.,1
train_1122,오랜만에 봅니다 보면서 욕나오는 영화 잘봤습니다^^,0
train_1123,An unforgettable movie,1
train_1124,걍 너무 재미있었다. 그래서 9점을 준다,1
train_1125,처음본 007 시리즈가 하필 이거라니,0
train_1126,세익스피어가 여자였다는루머? 어쩜 이렇게 감성적일까 !,1
train_1127,재미있었는데...,1
train_1128,연출도 좋고 재밌게 만들었다. 최근에 본 반전 영화들 중에선 이게 최고인듯,1
train_1129,"병맛 나도 킥킥거리며 보는 영화가 있는데, 이건 그냥 병맛만 난다.",0
train_1130,9점을 주고 싶으나 저평가된 것 같아 10점으로..,1
train_1131,시간여행이라는 주제는 혼수상태 엄마의 첫사랑 만나러 가는거 보다 애니에서 보여주는 청춘간의 연애가 더 재미있지. 감동도 있고. 감동적이었다고? 너무 흔하고 스토리가 읽혀서 재미없었다,0
train_1132,고질라의 멸종을기대했는데...고질라는 어벤져스 뺨치는 영웅이였군. 마지막 인간들 감사의 눈빛 ...보는 관객들이 개당황했을듯.,0
train_1133,"감독이 돈이 많은듯, 돈(제작비)날려먹는 방법도 참 여러가지다.",0
train_1134,지금의 제나이와 비슷해서 감정이입확실히 됐습니다~어젠 밤새 노트북을 봤는데.이영화도 여운이 아주 오래남네요…엄마가 아닌 나 자신으로서의 삶을 살고 싶어지는 오늘입니다.,1
train_1135,가슴이 아팠수다,1
train_1136,태권 V를 비롯해 온갖 표절로 일관한 김청기 감독 몰락의 증표,0
train_1137,초반 : 그나마 웃김 아직까지 볼 만함중반 : 슬슬 지루해짐 내용도 없음 후반 : 크로노스가 데미갓 칼 한방에? 뭐여 ㅋ정리 : 엄마 잃음,0
train_1138,장동민씨 시골출신아닌가요? 출신을 떠나 방송서 아이C는 기본이고 퇴비에 발길질 멍청한건 당신아닌가 수레바퀴가 하나인 이유는 좁은 도랑을 이동하기위한건데 힘들면 방송하지마세요 묵묵히 일하는 다른 멤버에게 미안하지않나요 아님 당신아버지께 더 배우고 오던지,0
train_1139,예상치못한 감동~,1
train_1140,고3때 개봉날 극장서 봤는데 당시 엄청 감동이였음..같이 본 여자애들 울고 그랬어요..,1
train_1141,다시봐도 정말 좋더군요...특히 음악이...ㅋ,1
train_1142,벤킹슬리의 연기해탈.,1
train_1143,자기 작품의 아류작을 스스로 찍는 코폴라,0
train_1144,좋은영화 우리 R F가 보고싶다,1
train_1145,성적인 농담으로 가득찬 애들영화,0
train_1146,정말 좋은 영화입니다.,1
train_1147,당시에 재미있었다고 기억함.,1
train_1148,정채성에 대해 생각하게 되는 영화....나의 정체성은 어디인가부터 관객과의 만남으로 인해 더 자세히 알게되었습니다.,1
train_1149,다시 극장에서 보고 싶어요.,1
train_1150,윽...이런 수면제같은 영화 같으니라구 ㅠㅠㅠㅠ 평점은 거짓이었다,0
train_1151,이 세키들 소송 못거나...,0
train_1152,헐... 20년전 홍콩 액션이네~,0
train_1153,도전 정신때문에 4점.. 담에는 더 완성도 있는 영화 만드시길 서극 감독님..,0
train_1154,소피마르소는 예뻤다. 재개봉하고 영화관에서 볼기회를놓쳤다면 후회할뻔했다.,1
train_1155,당시에 제작진이 거의 신인이었다고 들었는데 그에 비해 매우 잘 만들어진 애니다,1
train_1156,보면 볼수록 역겨운 서양인들의 개떡같은 오리엔탈리즘.,0
train_1157,솔직히 우연히 본건데ㅋㅋ 진짜 개꿀잼인데 평가 왜이렇게 저질임?ㅋㅋ,1
train_1158,평점좀 올릴려고 10점드립니다 일단너무 쓰레기라 말하는 분들 많은데 저는 아무 정보 없는 상태에서 우연찮게 봤는데 재밌게 봤어요! 단순한 로코라 생각하고 봤다가 반전!! 전 아주 괜찮았는데요? 일단 송새벽 역할 너무 잘어울림..,1
train_1159,대박^^ 말도안된다고 생각하는분들도 계시겠지만 독특한 매력이 있는 호러영화입니다.,1
train_1160,쩐다.....................,1
train_1161,작위적인 전개이긴 하지만 이정도 영화면 훌륭하지 않은가?(엔리오모리케 최고),1
train_1162,개봉했을때 강남 극장에서 친구들이랑 봤는데 다 자고나왔음... 극장에서 잔 최초의 영화... 지금 보면 어떨는지 모르겠지만...,0
train_1163,영화로 둔갑된 음란 영상물은 맞지만 콘돔끼고 촬영한거라 정식 포르노라고 볼수도 없는...,0
train_1164,이주희 목욕신이 압권이었다는...,1
train_1165,민폐적인 남자 주인공 최악의 남자..,0
train_1166,악령과 해골 이미지의 여자를 에로물 주연으로 쓰는 게 남편 아니면 가능할까?,0
train_1167,웬만한 좀비영화보다 더 스릴있다 니콜키드먼 너무이쁘다..,1
train_1168,"ㅋㅋ중학교 수학여행가서 애들이랑 OCN에서 하는 거보고, 제목이 야하다며 우리 야한영화 본다고 키득거렸던 생각이 난다ㅎㅎ 에구~그 추억이 그립네. 정작 영화내용은 하~나도 기억이 안남..",1
train_1169,에라이 시* ㅡㅡ 돈아깝딘,0
train_1170,너무 좋았다. 평범하기만한 내용이지만 자연스럽고 느낌이 좋다.,1
train_1171,아오이유우 눈물나게 감동적이었다.,1
train_1172,덕택에 영국역사공부 뒈지게 했네... 간만에 좋은 영화봤다... 굳,1
train_1173,날개의 재해석.. 3인칭 관점에서는 이상을 표현할 수 없다는 점만 깨우쳤다..,0
train_1174,후반으로 갈수록 별로였지만 재밌게 봤습니다,0
train_1175,와..이거 최저평점 아니냐? ㅎㄷㄷ,0
train_1176,가슴이 너무 먹먹해 지네요 .....,1
train_1177,조잡하고 난잡스러운 폐품,0
train_1178,ㅄ,0
train_1179,포스터보고낚임;;다코타패닝볼려고봤는데뒤에잠깐7분정도 나오고끝ㅠ광고용포스터임;,0
train_1180,말 한마디로 사람하나 죽이는건 정말 잔인하지만 간단한거야... 증거도 안남고 모두가 공범이되고 ..,1
train_1181,거북이도 난다. 그러나...곧 추락한다.,1
train_1182,도대체 이걸 만든 이유가 뭐임?,0
train_1183,케이블티비에 나오는 성인 드라마보다 못함. 엉성하고 3류적인구성으로 볼가치가없음,0
train_1184,"감독이 색맹이나 색약,또는 난시가 아니고서야 영화가 이 따위로 나올 이유가 없다.",0
train_1185,원작에 비해 빠른 전개가 오히려 독이 된듯 몰입할 수 없었다,0
train_1186,뭔가..재밌으면서도 재미없네. 처음부터 끝까지 케이트 블랑쉐만 보인다,0
train_1187,저는 별로네요 그냥 형이 좋다니 다행입니다,0
train_1188,별하나도 아깝네여,0
train_1189,지네 멋대로 영화 하지만 장백지가 이뻐서 3점~,0
train_1190,안봤지만 난아톰이좋아,1
train_1191,이게 영화냐 18..배우들 졸나 허접한 연기력에 제시카 알바 이 년은 2번 다시영화 찍지마라..그리고 생긴것과 입 모양 화장한것만 봐도 제시카 알바 완전 개네.. 개,0
train_1192,중학생때 봤지만 아직까지 잊혀지지 않고 머리에 남아있는 영화,1
train_1193,"재밌게보진못했다 앞쪽부분의 뚝뚝끊기는 편집에, 예루살렘이 나올때마다 보여주는 딱봐도그래픽혹은 미니어쳐티가 확나는 조악한 전경은 도대체 왜계속보여주는지...한10번은 나온것같다;;독실한신자입장에선좋다고볼수있는영화겠지만 그렇지않고서는지루할수밖에없었던...",0
train_1194,"한국 최후의 정통 사극으로 알려진 이 작품은 故 김흥기 씨의 마지막 열연, 이덕화-서인석/이덕화-임혁 콤비의 대 활약, 박용우의 무명 시절 타파, 김갑수의 사극 연기력 인증까지, 10점을 안 주기엔 너무나도 많은 것들이 완벽하게 버무려져 있다.",1
train_1195,뭔가 있겟지하고 개속봣는데 시간버렷네,0
train_1196,10번이상 본듯 전체적인 틀도 좋지만 하나하나요소가 참 깨알같음,1
train_1197,밥은 먹고 다니냐?,0
train_1198,짱,1
train_1199,이걸로 끝냈어야 했는데 후속작들은 괜히 만들어가지고 노답!!,0
train_1200,병기야 너는 연출하지마라 기획.제작만해라 제발,0
train_1201,베스트오브베스트~넘 멋찐검술영화다!,1
train_1202,너무 기대되요. 감동적일것같고 본받을게 많을것같아요. 빨리보고싶네요,1
train_1203,예전에 정말 재미있게 봤던 기억납니다. 엄청난 반전!,1
train_1204,할 말 없게 만드네... 이건 국가적 망신이다,0
train_1205,재밌다!!! 우울했는데 기분 좋아짐,1
train_1206,장고의 추억에 랭고 놀다.,0
train_1207,"차태현,성동일 짱!오도일이관지!마구간마 마구간마 마구간마!ㅋㅋ그밖에 캐릭터들 모두 하나같이 매력있습니다.막방까지 화이팅!!!!",1
train_1208,보고 보고 또 봐도 채플린의 천재성을 인정하게 되는 명작,1
train_1209,힐링되는 음악 영화네요^^,1
train_1210,정말 잼있어요 남자분들한테 강추합니다ㅎ아쉽게도 하필 별에서온그대랑같은시간에 방송을해서 재방송을봐야하니안타깝네요.감격시대가 10점만점에 10점이면별그대는 10점을 뚫고나오는 드라마라서ㅎㅎ전개되네요 재방이라도 꼭챙겨보겟슴당.!!,1
train_1211,정말 최고 15년이 지나서 다시 봤는데도 최고임ㅋ,1
train_1212,정말 드라마보믄서 욕하긴 처음이에요~ 차라리 그만 늘이고 이쯤에서 그만 정리하고 막 내리시지요~ 에고~,0
train_1213,"단순한 폭력물이아닌, 큰 따쓰함을 남기는 전형적인 한국 코메디!",1
train_1214,달콤한영화,1
train_1215,윤승아 때문에 볼려고 해봤는데 너무 재미없음. 뻔한 로코물,0
train_1216,"그저 안타까울 뿐ㅠㅠ남극에 방치된 썰매개들의 이야기.. 살아남은 개는 16마리중 지로,타로 두 마리 뿐..난 왠만한 개 한 마리가 사람보다 낫다고 생각하는사람인데. 정말 죽은 14마리의 개들이 안타깝다..",1
train_1217,007을 언급했다는 자체가 너무 부끄럽네요 이런 영화 만드는데 돈 쓰지말고 기부나 봉사활동이나 다니면 훨씬 세상이 좋아질텐데ㅜㅜ,0
train_1218,코미디 영화에 잡다하게 많이 들어간 감동 조미료. 결과는 병맛,0
train_1219,이걸 재밌게 본 사람도 있다고? 신기하네 .이것저것 마구 갖다붙인 영화,0
train_1220,9살아이가좋아하네요 5살아이는지루해하네요^^;;,1
train_1221,별로 극장판은 다재미없는듯 마지막에 스토리도 별로였고그냥 헌터헌터는 애니가 가장 꿀잼임,0
train_1222,"4편 모두 지루하지 않게 잘 끌어가서 잘 감상했습니다. 다 좋았지만 개인적으론 순환선이랑 인굿컴퍼니가 좋았고요, 김지영씨 연기에 절로 눈물이 나더군요. 이런 좋은 영화 만들어 주셔서 고맙습니다. 잘봤습니다.",1
train_1223,인반 좀비영화와는 조금 다르다지루하지 않게 잘 만든 영화인듯최고다,1
train_1224,앞으로 더 좋은 연기로 보답바래요 ㅎㅎ,1
train_1225,난 네가 나쁜놈이 아닌줄알았어~ 오랜만에 아이들보단 어른들이 보기에 정말 좋은 애니. 이제까지의 월페럴 영화중 가장 훌륭한 (목소리)연기인듯,1
train_1226,학교에서 틀어줬는데 애들 반응도 별로고 트레이시 너무 좀 그랬다,0
train_1227,늑대가 제일 연기를 잘함,0
train_1228,넘치는 영상미에 매료되어 잠이 솔솔 ㅡㅡ,0
train_1229,왕조현의 청순함과 주윤발의 멋진 모습...재밌다.,1
train_1230,90년대 이후로 중국 무협은 더이상 희망이 없다는 사실을 확인해준 영화,0
train_1231,3편이상을안봐도내용이거기서거기네요...정말언제까지질질끌어야할건가요???그리고결말은언제쯤나나요??기다렸다가결말하는날말보고싶은데....,0
train_1232,최고 입니다. 켈리후 넘 이쁘다 ㅜㅜ,1
train_1233,로맨스의 탈을 쓴 공포..애비가 너무 신비하고 이쁘다..^^사진속의 애비와 피구해주다 죽게된 늙은 남자의 어린시절모습..피구하는게 지친다는 늙은 남자의 말에 애비는 오웬곁에 더 계획적으로 맴돈거같다..새로운 몇OO을 함께보내고 자신을 지켜줄 ㅠ,1
train_1234,너무 반유대주의 이다 스토리도 뻔하고 원작에서 달라진게없다,0
train_1235,매회 몰입도 짱입니다 시간이 너무 빨리 지나가요 오늘도 본방사수 ㅋ 좋은 드라마 고마와요 !!,1
train_1236,그럭저럭,0
train_1237,많은 생각을 하게만드는 영화.,1
train_1238,공포영화 즐겨보는한사람으로써 영화먼저보고 평점봤는데 이건아닌거같아 평점 깍기위해 1점줌 처음부터 끝까지 1인칭을하려면 제대로하지 왜 시체를 찍고ㅋㅋ애들 라면먹을때 그럼 카메라감독이 혼자 2층에서찍었다고? 오뚝이 발로건들여놓고 무서워하던 사람이?,0
train_1239,오랜만에 봐도 역시 그림체부터 스토리까지 정말 즐겁고 재밌습니다.오히려 이 당시에 애니메이션이 더 귀엽다는 느낌도 많이 드네요,1
train_1240,제목부터 'Miss 고'를 위한 영화.,0
train_1241,몇OO째 우려처먹는 조센징들 한계.사골국물까지내라? 안쪽팔려?일본꺼나 개봉해라,0
train_1242,완전 쓰레기 영허,0
train_1243,"배우들도 멋지고 음악도 좋았고, 마지막 감동적이었음. 난 좋더라~",1
train_1244,그냥 딱 3점짜리 영화ㅋㅋㅋ,0
train_1245,여배우의 알몸만 눈낄...,0
train_1246,진행의 속도라든지액션씬 그리고 영상미가 뛰어난 작품입니다..,1
train_1247,내 인생 최고의 영화이자 드라마... 이 드라마를 보았던 고3 시절이 가장 행복했다,1
train_1248,괜히봤다. 위더스푼 땜시. ㅜㅜ,0
train_1249,오랜만에 윤은혜드라마복귀 기대하고봤는데정말 작품선택을 잘못하신거같네요. 안타깝네요tvn종영드라마중에 나인 이라는드라마가있는데기본소재는 타임슬립입니다안보신분들 한번보세요.같은?주제를 가지고도 이렇게나 다른작품이나올수있다는게 신기할정도네요..,0
train_1250,미안해요;,0
train_1251,봉만대한테 좀 배우셔요.. 아.. 포르노도 아니고 내용도 별로고.. 많이아쉬워요~~,0
train_1252,철부지들의 쓰레기 줄거리,0
train_1253,정말 애들용.... 평점으로 장난치지마라~,0
train_1254,별점을 많이줘서 알반가 하겠지만 그건 아니고 ㅋㅋ 나도 더로드 파라노말엑티비티 이런 영화를 좋아하는 한사람으로서 정신은 없었지만 몰입할수 있었고 무서운 소재는 다 갖다 놓은것 같다 할머니 우물 귀신들림 폐교 터널 폐교씬은 알이씨를 보는것 같았음,1
train_1255,보통 영화가 아무리 쓰래기라도 예고편은 볼만한데 이건 예고편마저 쓰래기네..,0
train_1256,눈물나..,1
train_1257,"이거 2013년에 만든 영화 맞는건가? 스토리,설정,연기,제목 뭐하나 제대로 되게 없네. 정말 어이없고 시간 아까움",0
train_1258,너무 재밌게 잘봤네요. 어른들에게도 재밌는 영화입니다,1
train_1259,재밌다. 나라가 위험한데 범죄자 개인인권이 뭔상관.이론만 배워서 떠드는 애들과 현장에서 일하는 애들의 대립.,1
train_1260,무간도 제작진과 출연진들을 데려다 만든 쓰레기 영화 중 하나,0
train_1261,제발 평론가 별점란좀 없애주길;; 평론가인지 까내림가인지 모르겟다 으휴,1
train_1262,어딜만져 어딜만지냐고,0
train_1263,그 전편 자니잉글리시 1에 나왔던 스토리라인을 그대로 따라가는 똑같은 패턴에 똑같은 인물구성들... 나오는 자동차들은 멋있었다...,0
train_1264,아니 양심적으로 평점을 줍시다 이 영화는 평균평점이 2점이상 나오면 안되는 영화입니다. 근데 자기만 시간 낭비하긴 싫어서 물귀신작전 쓰네요 ..-.-,0
train_1265,꿀잼~~♥ 시즌3 더 대박 나길,1
train_1266,처음에는 졸잼 결말로 가면서 티비부시고싶은 충동,0
train_1267,관심이 너무 없자나~~ 점수는 주고 가야지,0
train_1268,아....0점이없어서 1점주고감...초반몰입부는 좋았는데 범인ㅅㄲ가 한짓에비해서 너무 어이없게끝남 ㅡㅡ 찝찝하고 답답하고 어이없는영화 괜히봄.,0
train_1269,아 내돈;;;ma money,0
train_1270,이래서 가족회사를 가면 안된다는 거야.,0
train_1271,배우들 연기가 정말 일품이었다 특히 배우 조보아의 연기는 정말 소름이 돋았다. 영화의 아쉬운 내용을 배우들의 연기로 커버치는좋은 예가 되는 것 같다,1
train_1272,그냥 아놀드를 위한 헐리웃 액션물 별로......,0
train_1273,참나,0
train_1274,당시 정말 가슴아프게 보던 영화였던 기억이...,1
train_1275,감동적이에요. 재밌어요.,1
train_1276,아주 가면갈수록 질질 끌어대서 짜증지대로네요 앤간치좀하죠~,0
train_1277,한회도 빠짐없이 보고있어요.배우들 연기에 집중하느라 1시간이진짜 너무빨리지나가요.ㅠㅠ 아 다음주 종영이라니ㅠㅠㅠㅠㅠ마자막에 형!이라고끝나서 다음쥬는 또 무슨반전이있을까요ㅜㅜ,1
train_1278,신선했다. 안젤리나절제된연기력이랑 살인자 연기력이진짜압권....보는내내지루한틈이없었다,1
train_1279,이거 조기종영 아니야= -? 드라마 조기종영은 어지간해선 힘든데 ㄷㄷ,0
train_1280,좋습니다 영화가지루한데재미있어여,1
train_1281,아이가좋아해서재밌게봤네요,1
train_1282,"가족의 소중함을 일깨워주고 쓰나미로 인해 많은 사람들의 슬픔과 애환이 묻어난 영화.. 항상 가족탓,원망하기 바빴는데 이영화를 보니 반성이 많이 되네요.",1
train_1283,인간은 어디까지 용서하고 어디까지 사랑할 수 있을까?,1
train_1284,그냥그런 B급 무협.. 차라리 홍콩영화를 보는게 낳은거 같은///,0
train_1285,이영화 찾아다닌 내가 한심스럽다..,0
train_1286,도스토예프스키와 바흐와 서울을 사랑하는 누구라도 자신의 감상을 영상화 해보고는 한다. 그런 것은 관객한테 굳이 내보일 필요가 것이다. 각본이 없는데 오마쥬와 모티프가 웬말인가. 좋은 구석이 있다고 해서 좋은 영화가 될 수는 없다.,0
train_1287,이종혁씨좀 출현시켜주세요ㅜㅜ제발,1
train_1288,"오호 ,,",1
train_1289,예상가능한 결말을 떠나 전반적으로 지루하지않고 재밌었으며 인상깊었음 좋아하는 영화중 하나,1
train_1290,"""디스트릭트9때부터 Sf영화를 보면서 무언갈 느끼기는 쉽지는않은대 항상 볼때마다 감독이 인간에게 항상 무슨메세지를 전하려는것같다휴잭맨이 인간의인격을가진 채피한테 """"넌신이만든괴물이야! """" 라고할때 소름 돋았다""",1
train_1291,"쉰내나는 감성, 고리타분한 전개",0
train_1292,굿!,1
train_1293,원작게임의 분위기도 살리지 못했고 영화로써의 재미도 없다 고로 졸작,0
train_1294,짜고하는것도 아니고 그냥 대결 자체를 하지말던지.....미친 OO 옆차기를 하구있어. 평소에는 동시에 선택하는데 왜 이번에는 한명씩 한명씩 드나? 응? 이 씨x 피디야~~,0
train_1295,평점이 이게 머냐.......초2때봤던 추억의 영화 ㅜㅜ,1
train_1296,남자가 정욕에 눈이 멀면 파멸이라는 것을 잘 보여 준 영화이다..그리고 여자가 남자의 정욕을 얼마나 냉혹하게 자기의 계산에 잘 이용하는지를 잘 보여 주는 영화.여자가 옷을 벗으면 남자는 여자의 모든 것을 차지한 줄 알고 멍청하게 넋을 놓지?,1
train_1297,어렸을 때 넘 슬프게 봤었음.. 근데 얘가 조니뎁이었다니 ㅠㅠ,1
train_1298,아무 단서 없는 연쇄살인사건.. 100분 내내 답답하고 갑갑하다..,0
train_1299,심각하게 재밌습니다 삼십분 드라마라는게 원망스러울정도입니다,1
train_1300,큰 힘에는 큰 책임이 따른다.,1
train_1301,공효진 연기 개구려 ㅡㅡ 얼굴도 넘 못냉겨서 드라마가 안사네 ㅠㅠ 안습이다 조인성은 좋은데 캐미가 좀 맞지않는듯..여자주인공이 다른사람이였다면 대박이였을텐데ㅠ,0
train_1302,저도 어릴때 방황많이했고 지금도 방황중이지만 나쁜짓은 어릴때이후로 한번도 안했습니다.. 극중 지구라는 아이는 저랑 매우 닮았내요.. 저도 중2때 특수절도로 법원까지 갔다왔고..,1
train_1303,내가 많이 다녔던 가리봉동이 나와 흥미있었음.,1
train_1304,재밌었습니다!!!^0^)/ㅎㅎ,1
train_1305,재밌다!ㅋㅋㅋ정준호,1
train_1306,참고참고 봤지만 1시간8분째 지나니 도저히ㅜㅜ 줄리아님 기대치 최하 실망야~,0
train_1307,그 당시 암울한 한국을 잘 그렸다. 지금도.. 일려나?,1
train_1308,최악!!,0
train_1309,조금 다르게 흘러간대도 꿈이 흐려지는 것은 아니니까,1
train_1310,평점 장난치지맙시다 ㅡㅡ,0
train_1311,누가 억지눈물 잘흘리나 자기네들끼리 대결하는 작품,0
train_1312,일부러이런모습을굳이,0
train_1313,니코틴 청소기 루시퍼ㅋㅋㅋ,1
train_1314,바다야 고맙다 따뜻하게 품어줘서. 그리고 고맙다 희망을 주어서,1
train_1315,너무 아름답네요,1
train_1316,제발 그OOO 노래부르는거제발제발# 1~2절에 끝내주세요부탁합니다 진짜 재미없어,0
train_1317,좀비영화에서 이걸 못봤다면 아직 매니아에 속하지 않음,1
train_1318,세계의 최고의 프로그램은? 런닝맨 정답입니다.,1
train_1319,왜 평점의 글들에 반대가 이유없이 50프로 가까운가요? 이 영화 강추합니다 배우들 응원합니다,1
train_1320,이은희검색하니까 나오넼ㅋㅋㅋ,1
train_1321,송은채 멋진연기 잘밧네요^^박수,1
train_1322,평점 6점도 과분한 영화,0
train_1323,소재를 잘 살려서 재밋게 봄~ 나카시마 미카 짱,1
train_1324,넘 재미있어요 주말이 기다려져요! 애들과같이봐요,1
train_1325,커티스 OOO네,0
train_1326,대한민국의 현실은 아직도 변한게 없다,1
train_1327,현대사 흐름잡기에 좋은 영화네요,1
train_1328,노란복수초와 셋트도비슷하고 스토리도 많이 비슷비슷 ㅡㅡ;;,0
train_1329,예술가들의 삶... 아름다움을 찾는.. 갈망이 보이는 영화,1
train_1330,칩사마 돌아와요,1
train_1331,아름다운 사랑 이야기,1
train_1332,어떤 인내력이 필요한지,0
train_1333,"정말 아름답게 살아 움직이는 실루엣을 보면서, 섬세한 장인들이 초대하는 환상 속으로 빠지지 않을 사람은 없을 것이다. 이에다 보석 같은 우화들은 덤으로 관객을 행복하게 만들어준다.",1
train_1334,내가 뭘본건지모르겠다...,0
train_1335,세련되고 재밌었어요.,1
train_1336,초등학생들이 좋아하는 영화입니다... 또 너무 웃겨서 배꼽이 빠질뻔 했습니다~~^0^,1
train_1337,진짜 감동먹었음 ㅋㅋㅋㅋ,1
train_1338,폴워커의 진짜 연기력을 느낄 수 있는 영화. 참 잘 만든 영화라 생각합니다.,1
train_1339,설리하나로 ㅋㅋㅋㅋㅋㅋㅋㅋㅋ,1
train_1340,CG왜그따구로함 노잼 비추,0
train_1341,대체 뭐가 역겹다는거? 유쾌하고 재밌음,1
train_1342,인간의 본성을 송어에 빗대어 냉소적으로 바라본 박종원 감독의 수작,1
train_1343,인종차별에 대한 또다른 보고서,1
train_1344,피식 웃을수 있는 정도의 영화지만.. 적어도 한국 싸구려 공포물 보다는 낳긴 하다.,0
train_1345,개봉년도를 감안하더래도 전혀 동화되지 않는다,0
train_1346,최악의 영화~무슨 삼류영화도 아니고..,0
train_1347,나이거 영화관에서 돈주고봄ㅋㅋㅋㅋ내가본 젤 최악의영화 나갈때 사람들다욕함 OO 아니근데 평점이7???장난해??별테두리도아깝구만 OO알,0
train_1348,와 이런 내용전개가 저질스럽게. 흐르는 영화는 첨보겠네,0
train_1349,그냥 명작이란 기대까진 하지말고 그냥 봐라.. 시간훅간다.. 잔인한거 못보는 나도 눈 한번 깜빡안하고봄,0
train_1350,기대하고 보면 후회하는 액션 영화.,0
train_1351,아무 내용이 없다 뭔가 나올줄알고 끝까지본 시간이 아깝다 여주얼굴만 예쁘고 몸은 뚱뚱함,0
train_1352,밀양은 계속되고 있습니다. 영화 완성도도 괜찮네요. 많이들 봐주세요!,1
train_1353,마음이따듯해지는영화.,1
train_1354,"쓸 수 있는 글 수 적어서...몇 마디만 더 합시다음악은 묻힌 진주가 많이 있습니다만..영화는 지극~히 드물더군요...영화는 다른 대중,예술문화와는 다릅니다...전문가 필요 없습니다 .오로지 대중이 판단 합니다.대중이 안좋다면 안좋은겁니다",1
train_1355,정말 최고네요~~~~영화에서 다루지못한 다양한 매트릭스 철학등을 볼수있네요,1
train_1356,김한민씨!!! 이순신장군 좀 그만 팔아먹어...이순신장군은 국민 모두의것이지 당신만의 소유가 아니야!!!,0
train_1357,스타워즈라는 제목을 낭비한영화,0
train_1358,이영화보는자체가고통,0
train_1359,이런류의 애니 원래 좋아하는데 재미가 없어서 스토리가 신선하다고는 못하겠다,0
train_1360,아름다운 영상에 은은한 배경음악...강력추천~!,1
train_1361,이 영화 점수는 4점정도 됩니다.지루하고 별 감흥이 없음.. 평점이 너무 높아서 좀 내려야 하기에 1점 줍니다.,0
train_1362,재미있어요,1
train_1363,왜케 점수가 후하지???? 내용도 없고 재미도 없는.. 영화 제목 그대로 쌈마이구만,0
train_1364,개그맨더빙보단 전문성우의 더빙이 그립다. 개그맨이면 개그나 해라 와 더빙질이고,0
train_1365,뉴베리 상을 받은 원작을 영화화한다는 부담이 있었을 텐데도 너무 욕심부리지 않고 잔잔하게 잘 표현했다. 영상미는 정말 최고다.,1
train_1366,최악입니다 혹시나 볼생각하시는분들은 끝나고 무조건 욕할겁니다..머 이런 X같은 영화가다있나..,0
train_1367,가증스러운 딴따라 아이돌 더빙 심각할대로 심각하다,0
train_1368,그어떤 헐리우드 영화보다도 웅장했으며 박진감 넘쳤다. 감동적인 연출과 스토리..!,1
train_1369,중간의 배터리 주는 능글 직원 때문에 얼마나 애가 탔는지...,1
train_1370,이영화보고 빢쳐서 별점깍으러왓음ㅡㅡ,0
train_1371,조잡하고 늘어진다.,0
train_1372,첨부터 끝까지 재밌음!!,1
train_1373,ㅋ,1
train_1374,乃,1
train_1375,위선의 시대를 살아간 순수남녀들..,1
train_1376,시나리오 대박 송능한 천재,1
train_1377,이게 언제적에 나온건데 14년 개봉이여;;,0
train_1378,난 미실의 한쪽눈썹만 딸려올라가는 그 연기를 잊을수가없다,1
train_1379,더이상 나오지 말았어야됐다..,0
train_1380,내가 본 뮤지컬 영화중에서 사랑은 비를 타고 다음으로 가장 최고,1
train_1381,아이돌과 스타는 없지만 진짜 배우들이 나오는 드라마 역대 명드라마 하나로 꼽는다,1
train_1382,2기에서 사라진 코가미를 다시 보는 재미는 컸다.,1
train_1383,아름다운 미장센 겉도는스토리,0
train_1384,늑대랑싸운다,1
train_1385,이거영화 소유 하고 계신분..여기 댓글좀 남겨줘요..쪽지~,1
train_1386,나의 스컬리를 아만다는 낚시네 남자 배우만 횡재했구먼,0
train_1387,무조건 10점,1
train_1388,요즘 영화와 비교해도 손색없다. 마지막 반전은 꽤 신선하다.,1
train_1389,영화가 아니다. 깊이 흐르고 있는 그의 정신이다.,1
train_1390,이 영화를 보면서 정말 많은 것을 느끼고 많이 울었다..,1
train_1391,겉멋만 든 쓰레기영화라고 생각함. 내용이 개산만.. 그리고 서영희가 분한 케릭터가 대체 뭘 나타내주고싶었는지 알수가없다. 김기덕도 한물간듯..,0
train_1392,집중력 떨어진다,0
train_1393,명품 영화란 이걸 두고 하는말인가?ㅋㅋ,1
train_1394,1,1
train_1395,개 꿀잼 ㅋㅋ 진짜 시간가는줄모르고봣네요,1
train_1396,퀸의 음악이 영화를 말한다...,1
train_1397,보지마셈 저 믿으세요 보지마셈,0
train_1398,탈세탈세 너땜에 안봐 뻔뻔한것아,0
train_1399,순수한 이상을 위한 정신이 독불장군같은 마스크에 더해져서 한결 강하게 전해진다,1
train_1400,올 가을 절대 놓쳐서는 안될 영화!!,1
train_1401,대화속에서 참과거짓명제를주고받다 미궁속에서 셔터내리다.,0
train_1402,군더더기 없다. 모든게.,1
train_1403,생각을 하면서 보아야 하는 영화에요. 결론은 다른 것과 틀린 것은 구분해야 한다. 우리는 나랑 다른 것을 틀린 것으로 만들고 있다. 이런 문제의식을 영화에서 간접적으로 드러내고 있어요. 많은 분들이 보실수 있었으면 좋겠네요.,1
train_1404,감동적..색채도 너무 예쁘고 요괴들도 귀여웠음 ㅠㅠㅠ,1
train_1405,지루하고 졸렬한 영화.차라리 스티븐 시걸 영화가 덜 따분할 정도,0
train_1406,ㅋㅋㅋㅋㅋㅋㅋㅋㅋㅋ,0
train_1407,너무너무 재밌었어요~ ^ㅡ^,1
train_1408,정말이지 드라마가 코믹하면서도 달달해서 만점주고싶습니다. 파목 화이팅!,1
train_1409,최고 수준의 법정영화~~,1
train_1410,역시 한국영화수준.. 현실성 0%,0
train_1411,최소 노답 스토리 엉망 결말 개허무 ㅋㅋ,0
train_1412,엄마아빠가 보길래 어깨넘어 봤는데 너무 재밌네요 ㅋㅋㅋ정말 바람잘날이 없는 가족얘기 너무 재밌어요,1
train_1413,마지막 장면을 제외하고는 전반적으로 별 감흥이 없었던 영화.,0
train_1414,-- 혹시나... 역시나...,0
train_1415,너무 재미있었어요 우리 아이들도 푹 빠져서 정말 재미있게 보더라구요,1
train_1416,뭔가 보여주고 싶었으나 시간관계상 좃밥으로 막을 내리는 영화,0
train_1417,영상미가 압권이다. 사진을 공부하는 분들이라면 풍경의 매력에 퐁당 빠질듯하다.크레딧 부분에도 섬세하 영상미에 감탄을 금치 못한다.,1
train_1418,미안하지만...진짜...주기 싫다...,0
train_1419,한 나라가 다른 나라를 폭압하는 것은 20세기와 함께 끝나야 했다.,1
train_1420,"소심한 복수, 그러나 너무 통쾌",1
train_1421,개콘 아이돌연기 같네연기력 많이 딸리는듯골든타임같은 긴박감이 없네,0
train_1422,쏘우인줄;그리고하나도안무서움그와중에김범졸잘ㅋㅋㅋ,0
train_1423,이쁜남자의 신드롬이 어마어마한했던 이준기.신드롬이 일어날 만큼 이준기의 이미지는 '이쁜남자'이쁜남자 이미지가 너무 강해 여러가지 배역을 하기에는 한계.하지만 개늑시 한방으로 끝내버림.만약 이준기가 개늑시를 만나지 못했더라면한때 예쁜남자였던,1
train_1424,난 되게 재미없었는데 의외로 재밌게 본사람들이 많네요,0
train_1425,"공감 안되는 스토리, 고전 클리셰의 남발, 병림픽의 향연이 따로 없다. 중간쯤 보다 꺼 버려도 이상할게 없는 영화.",0
train_1426,금잔디 구혜선 네임벨류로 이 좋은 배우들 데려다 이런 요상한 대학생 습작같은 영화를 만들어 놓고 언플까지 오지게 하셔서 관객들 낚았었지요... 이영화가 7점대인건 다른 7점대 영화들에 대한 모독이에요. 6점대 초반으로 내려가야 할 영화,0
train_1427,자극보다는 시청장의 공감이 더 느껴집니다,1
train_1428,명작입니다.,1
train_1429,쓰레기 x 17,0
train_1430,진짜 너무 재밌어 ㅋㅋㅋ 기대안하고봤는데 ㅋㅋ,1
train_1431,너무 낮다...진정 애국에 대하여 경종을 울릴 만한 영화이다,1
train_1432,"재밌는데,,,",1
train_1433,도대체 왜 이러는 건데. 어색어색뜬금뜬금닭살닭살. 뭐야.,0
train_1434,잼없음,1
train_1435,찜,1
train_1436,슬프고 잔인한 운명을 타고난 소녀의 드라마,1
train_1437,"주인공 한단비역의 이다희보다 한원미역의 신주아에게,더 눈이 가니 원...신주아 눈,코,입이 시원시원하니,딱 내타입일세~내가 수퍼주니어 은혁이라면,미성년자 아이유보다,신주아에게 대쉬한다.아니면,고두림도 괜찮잖아?체형도 좀 많이 특별(?)하고...(웃음)",0
train_1438,한두세번봤는데 재미있는영화예요 실컷웃고싶을때추천합니다^^,1
train_1439,그냥 그런..,0
train_1440,"괜찮은 듯한 실화 마저, 영화로 보이게 한다 .",0
train_1441,묵직하며...몬가모르게 중독되는 멋있는영화,1
train_1442,말레이시아 영화라는걸 염두해두고 10점 한국쓰레기영화들이랑 비교해보면 100점이상,1
train_1443,"감동적이고, 퀼이 충성스러워염~",1
train_1444,좋은 영화인데 개봉을 너무 짧게해서 아쉬웠다.,1
train_1445,"이 드라마는 심지어 일본에서도 평점이 높습니다. (4.65 / 5)유투브는 일본 우익들이 장악해서 우리역사관련해서 다연막을 치고 있지만,...http://www.kntv.co.jp/prog/detail/?p=7935",1
train_1446,아름답다 두고두고 볼 영화,1
train_1447,더럽게재미없음 넘질질 열나짱나,0
train_1448,dkssud,1
train_1449,감상완료.,1
train_1450,이런 영화들이 많이 나와야됩니다... 정말 좋은 영화~,1
train_1451,나는 남부여의 공주 부여주다 -_-;,0
train_1452,성공과 행복에 관한 해학.풍자 드라마 ... 재미는 있네요,1
train_1453,국민학교 시절 내친구 집에서 부모님 나가신후 몰래봤던 영화...여주인공 보면서 둘이 두근두근...,1
train_1454,OOO 영화에 얘쁜이 조합 1점도 아깝다!,0
train_1455,안봐도 감동 보면 더 감동 안녕 메리호 ㅠㅠ,1
train_1456,이렇게 지루하게 만드는 것도 참 재주다,0
train_1457,여자주인공 이게 무슨 민폐지?? 남자주인공를 선택했을때 뭔가 관객들에게 설득이 되어야하는데 전혀 그렇지 못한 느낌,0
train_1458,뭐야 난 디게 재밌게 봤는데 ㅡㅡ; 다들 전문가야? 난 그냥 일반인.,1
train_1459,여름을 이기는 공포 영화로 딱인듯.,1
train_1460,...미치겠다,1
train_1461,그냥 답답하다. 영화보는 내내 우울한 분위기 ...,0
train_1462,"더 잘 만들 수 있는 시나리오를 갖다 작품 내적으로는 원작 설정 붕괴, 작품 외적으로는 작화 붕괴로 화려하게 망친 작품. 이건 안 보는 게 낫다. 본즈라 믿고 봤는데, 망했어..ㄱ-",0
train_1463,...말이안나온다,0
train_1464,내가 아끼는 영화....,1
train_1465,괜찮다 이 영화!,1
train_1466,"정말 심각하다 제목처럼 세게 가던가, 거의 드라마형식",0
train_1467,영화지만 영화같지않은 영화.마음편히 볼수있어좋다.,1
train_1468,킹스크로스에서 덤블도어와 해리의 마지막대화가 잊혀지지 않는다.... 이것은 제머릿속에서 벌어진일들인가요??? 그것이 머릿속이라해서 현실이 아닐이유가 없다... 아 이런 명작과 함께 자라게 되어서 감사합니다 모든배우스텝작가님들,1
train_1469,천정명과 온주완의 매력이 넘치다는걸 느껴지게 만든 영화였습니다.,1
train_1470,단순한 결말,0
train_1471,송중기와 문채원이 오랜시간 기억될 드라마..,1
train_1472,패트릭 뎀시라는 배우를 다시 보게 되었다.,1
train_1473,정부는 책임지고 130명의 명단을 공개하라!!,0
train_1474,아 시간 아까워...,0
train_1475,"배경이나 분위기만 보면 나쁘지 않은 영화였다. 쓸데없는것들을 모두 생략하고 히스클리프의 시선을 느껴볼 수 있었다는 점도 좋았지만 원작의 절절한 대사들까지 모두 생략해버려서 캐서린,히스클리프 그외의 모든 인물들을 이도저도아닌 캐릭터로 만들어버렸다..",0
train_1476,괜찮은영화이긴하지만12세가 보기엔 야하다는 생각이든다.,1
train_1477,평점이 낮아서 설마 했는데 설마는 사라지고 정말 1초도 눈을 뗄수 없는 최고의 영화였어요. 처음엔 조금 지루한데 중간부터 반전이 있어요 마지막 반전이 최고였던 영화였어요~,1
train_1478,"진짜 웃기다 ㅋㅋ 류승범떔에 봣는데 진짜 여기나오는애들다 개병,싄같아서 깔깔거림ㅋㅋㅋㅋ",1
train_1479,저기요변한개주기도아까우시면보지마시던가요왜여기서악플을다세요?이상하면마음속에닫고사는거지왜꼭여기와서말하세요?그방송하는사람들은얼마나슬프겠어요?,1
train_1480,영화포스터에 낚였어 짜증나!,0
train_1481,내일은 해가 뜬다.,1
train_1482,이거보느니 프루나에서 야동쳐서 아무거나 클릭하겠따,0
train_1483,이럴수 밖에 없었을까....꼭 이래야만 했을까....ㅠㅠ,1
train_1484,니카프리오를 주인공으로 한이유 난 알겠더군요.. 하나하나 디테일하네요..,1
train_1485,여운이 오랫동안 남는 영화. 이런류의 영화가 좋다. 지금 살고 있는 세상에 감사하게 만드는 영화.,1
train_1486,한효주 매력 터지는 최고의 영화,1
train_1487,<8>점은 되는 괜찮은 영홥니다.1점 하신분 땜에(-0-) 평균 올리려 <10>점 찍습니다..,1
train_1488,과유불급이라 하였던가. 드림웍스의 욕심때문에 작품성보다는 잭 프로스트의 외모가 더 주목을 받았던 것 같다.,0
train_1489,지들이 전쟁 일으켜놓고 2차대전 때 전쟁터에 나가는 전범자들을 나라를 위해 싸우는 사람들이라고 찬양하네 에라이 퉤,0
train_1490,이걸 영화관에서 봤을때가 초등학생때였다. 나이를 먹고 다시 보니 이게 단순한 괴물 영화가 아니었구나.,1
train_1491,살다살다 쓰레기같은영화 처음보네요 왠만해선 욕안하고 좋게보는데OOO 이건아닌듯,0
train_1492,오 개 쩜;;; 리얼 소-름,1
train_1493,넘 재밌게 봤따,1
train_1494,이건 완전 졸작 ㅋㅋ평점 1점 주기도 아까운영화 ㅋㅋㅋ20분짜리 단편영화를 만들어야할 영화를 90분짜리로 만들었으니 ㅋㅋㅋㅋ이 영화보느니 차라리 추척특집 드라마를 보는게 나을듯 ㅋㅋ네티즌 여러분들 이 영화 보지 마세요,0
train_1495,저질,0
train_1496,친구 추천으로 봤는데 재밌네 ㅋ,1
train_1497,"조지클루니 선장의 카리스마가 잭스페로에 비할바가아니닼 ㅋ.그나저나 목성의 대적반은 지구크기의3배? 라던데, 자연 또는 우주의 대단함은 인간으로썬 가히 가늠키가 어렵다.",1
train_1498,엄청 운 좋은?! ㅋ영화기에 가능한 상황들이 잇지만 걍 명작이다 인정~!,1
train_1499,어떻게 생각하느냐에 따라 다른듯 사람들이 왜 욕하는지 이해는 가지만 그래도 꽤 의미가 있는 영화였음 평점 올리려고 10점 남긴다,1
train_1500,재밌는데...굿.,1
train_1501,사랑..삶의 마지막 순간까지 잡고 싶은 그것,1
train_1502,"한국 전통과 서양의 충돌,이를 가지고 졸작(졸업 작품)을 만들었다",0
train_1503,너무 유치하다... 요즘은 초딩들도 이런영화 안좋아할듯,0
train_1504,나는 아이유 팬!!!,1
train_1505,시간이 아깝다,0
train_1506,참으로 신기한 영화인가?도데체 정체가 뭐여?시간이아깝다...ㅡ.ㅡ;;,0
train_1507,하여간 김기덕 감독이건 모든 남자들은 왜 여자의 외모를 사랑하는거야? 여자주인공이 이뻐서 짜증남... 사랑은 외모로 한다는 말이 진리인가봄... 김기덕 감독은 추녀를 주제로 한번 영화 만들어보길... 남자의 눈으로 보는 추녀....,0
train_1508,"클락켄트, 순박한 청년 슈퍼보이, 너무 좋아 ♡",1
train_1509,"사토시 키만큼 부족한 플롯,연기.",0
train_1510,요즘 아이들이 커가면서 보면좋을거 같네요,1
train_1511,러ㅗ로로로로로로,0
train_1512,공감 할수있는 ...,1
train_1513,"미드는 시즌이 지나면 개판된다는 진리를 보여줌. 시즌1최고, 2아침드라마급, 3쓰레기",0
train_1514,완전 그리폰짱!,1
train_1515,보는내내 그냥 좋았다.하지만 결말은 무엇을 말하고 싶었던건지 모르겠다.감독판이 따로 있는건지...과거는 어케하고 갑자기 현실에서 결말을 맺어버린건지...보는내내 잔잔한 미소를 머금게해서 그런지 결말을 이해못하는 나로선 더욱 반감이 가는영화다.,0
train_1516,유리코짱이 왜 이딴 영화에..,0
train_1517,아주 소심하지만 별5개로 제 목소리를 냅니다..정말 보고싶었는데 이제야 봤네요...많은것을 느끼게 해주셔서 감사합니다.,1
train_1518,다시봐도 역대급 영화. 두시간 잠이와야 작품성이 높은줄 아는 평론가들과 이동진의 저 센척은보기 싫 다,1
train_1519,r김재중연기좋다고 여기에 글적는애들은머냐? 어이읍네,0
train_1520,영화가 아무리 영화라지만 어느정도 설득력은 있어야지.. 특히 딸을 위하는 엄마의 희생을 너무짜증나게 풀어놨다... 박해일 머리 마구잡이로 때릴때 할말을 잃음...아니 뭔 이렇게 무서운 영화가?,0
train_1521,"가족과 함께 3d로 봤는데, 진짜 몰입하고 재미있게 봤어요!!어벤져스를 사실 아빠를 통해 알았는데, 이거 본지 몇칠동안은 동생과 함께 거의 매일 어벤져스 놀이를 했어요!!ㅋㅋ 어벤져스2가 흥행했으면 좋겠고, 어벤져스 3도 나올꺼죠 ?",1
train_1522,평점작업친사람들 자기가 알바말투 티나는건 알고있나?ㅋㅋㅋ,0
train_1523,"이제칠씨 연기 눈여겨보고 있는데, 작품선택이 아쉽네요.",0
train_1524,호세는 왜 나온건가? 속었더,0
train_1525,전체적으로 맘에 들었는데 러닝타임이 너무 짫아서 아쉽.. 미조역으로 나온 배우 연기 잘하네요.,1
train_1526,"나무가 넘어지는것이 내가 쓰러지는 것같은 안타까움이,",1
train_1527,제 때 봤어야 할 것을 십수년이 지난 지금에서야 보게되었다는게.....,1
train_1528,굳,1
train_1529,잼따,1
train_1530,"TV돌리다끝까지다본몇안되는영화...신이,하리수..모두새로보게됨",1
train_1531,"간단히 말하면 그냥 90년대초반 컴퓨터게임의 예고편수준의 퀄리티다.배우, 특수효과, 공룡cg전부가 다 따로논다.... 그리고 공룡은 멸종되면 다시 같은 생물이 나올수 없다는 과학적 근거에 충실해서 짭퉁 티렉스는 코에 뿔이 나있다. 불안뿜는게 다행",0
train_1532,정말후진드라마~~!후처또한벌받어야쥐남편아이가아닌다른사람아이를가진건불륜이징,0
train_1533,생각보다 잼있었3,1
train_1534,"배우, 사건의 갈등, 긴장감, 극적 요소... 모두 엉망~ 1편을 망쳐놨네... 아나 그런데 평점을 왜이리 높아???",0
train_1535,최고다~ 영화 '쉘로우 그레이브'와 '심플 플랜'과 비교해서 보시기를~,1
train_1536,와진자 내가 살면서 아오 진자 뭐야 십점준사람 뭐야 아 알바 작살나네 김규리 연기 왜이래 스토리 왜이래 ㅋㅋㅋㅋㅋㅋㅋㅋㅋㅋㅋㅋㅋㅋㅋ아놔진자 참고참고 볼랬는데 평점 0점은 왜안됌???//??// 마이너스없음???/,0
train_1537,괴수영화..괴수를 뭘로 선정했든간에 제발 퀄리티있는 cg로 좀해라.. 내 조카들고 댕기는 공룡피규어보다 못함.,0
train_1538,베플 존나 웃기네 ㅋㅋ 쓰레기영화,0
train_1539,이거 재미없다는사람은 도대체 뭐지?? 재밌습니다..바보아니라면,1
train_1540,하모하모 잼없구 말구,0
train_1541,"다른 것보다 비주얼이 신선하다, 소장하고 싶은 영화!!",1
train_1542,아 진짜 재밌게 웃기게 잘 봤다ㅋㅋㅋㅋ 한 가지 흠이라면 슬플 때 보면 슬퍼,1
train_1543,몰입도 최고네요. 중간중간 영상미도 쩔어요,1
train_1544,조카랑 보기 좋았던..따뜻한 애니였어여...^^,1
train_1545,쓰레기,0
train_1546,"""씨네 김은형은 네팔 지진 영화 만들면 """"네팔 오지 말라는 말인가"""" 라고 쓸 IQ80 치킨헤드고, 황진미 역시 자다가 봉창 뜯는 소리하는 또라이고.. 무슨 이런 무식한 여자들이 영화 리뷰를 쓴다고 말세다 말세, 니들은 그냥 로맨스 영화 리뷰만 써라""",1
train_1547,"노란 은행나뭇잎이 떨어지는 계단에서 비오는가운데 비지스의 홀리데이,,,그 긴장미가 정말 기억에 나네요 정말 명장면들 많았던 영화,,특히 안성기와 박중훈의 격투신은 매트릭스에서 패러디해갈 정도였으니,,화면의 미학이라면 10점만점에 10점 + 장동건보너스",1
train_1548,그저 느슨한 전개와 밋밋한 내용이 전부일 뿐..,0
train_1549,평점 왜이래; 난 나름 재밌게 봤는데.....;,1
train_1550,결말도 허무하고 이정도 허접한 스토리면 나도 대본 쓰겠다,0
train_1551,잔잔하고 아름답다. 혼자서보고싶은영화다.,1
train_1552,사람들 진짜 영화볼 줄 모르는듯. 마지막 15분에서 전율을 느꼈다. 복수와 용서.,1
train_1553,쓰레기 영화... 한국영화 보다 더 쓰레기 영화가 여기 있네... 에휴~,0
train_1554,ㅡㅡ; 괜히 끝까지 봤다. 시간아까워;;,0
train_1555,3정도로 생각하는데 평점이 너무 높아서 어쩔수없이.. 극장에서봤는데 실망스러움,0
train_1556,-_- (할말없음),0
train_1557,전쟁물 그리고 첩보물을 가장한 치정극,0
train_1558,수고하셨습니다. 멋지네요^^,1
train_1559,"택시 안에서의 톰 크루즈와 제이미 폭스의 소름 돋는 연기대결,마이클만의 장인정신을 보여주는 어마어마한 영화연출..마이클 만 작품 처음 보는 데 진짜 충격이었습니다~오늘 서울아트시네마에서 정말 즐거웠습니다! 서울시민여러분 시네바캉스 많이 와주세요~",1
train_1560,판타지 영화의 정점이라고 단언한다. 내가 이걸 왜 이제서야 보게된걸까?,1
train_1561,영화 시작부터 꽃미남 남자와 여자아이와의 억지스런 어색한 만남으로 시작했을때부터 영화 내내 오글거림을 견딜수가 없었다.,0
train_1562,몽환적인 영상과 음악. 너무나 예쁜 이나영에 통통튀는 파란색까지!,1
train_1563,진짜재미있게봣엇는데 평점7점은말이안됨,1
train_1564,감독님이제발뱀파이어아이돌다시시작하면은안돼여??ㅠㅠ,1
train_1565,평점 주기도 아까운 영화다 ㅋㅋㅋ,0
train_1566,눈물범벅. 남배우 연기도 주목할만하다.,1
train_1567,너무지루했다..,0
train_1568,포스터 보고 어사일럼 건줄 알았다.. 캐스팅을 보아하니 제대로된 작품인가 싶었더니 이런 쏘발. 낚였다 소스코드 짝퉁이었다,0
train_1569,아~ 매우 지루해...,0
train_1570,12회부터재밌어서 ㅣㅇ개주고갑니당ⁿⁿ,1
train_1571,마지막이 참 달달한 영화ㅎㅎ,1
train_1572,남친이랑사귄지100일좀넘었을때본영화... 한창 풋풋할때라 영화보다가 중간에 나갈수도없고...남친은 재밌다고 완전멋있다고했지만...난..난..음악듣다내가미쳐버리는줄.. 지금 다시 보라 그럼 혼자보라그럴것같다. 아니이해를못하는데예술이뭔말이고영상미가뭔말이여,0
train_1573,처음부터 막바지까지 다속고봤다.....헐...........,1
train_1574,요새 유치원 다니는 애들도 유치하다고 싫어할 듯 ...,0
train_1575,이슬람을 너무 나쁜 쪽으로 몰아 넣은다. 이런영화는 없어져야..,0
train_1576,10대가 엄마손을 잡지않고 마주한 차가운 세상을 잘표현한 것같다.,1
train_1577,영화가 너무 평가절하 되있네. 평소에 고든 레빗 좋아해서 평점안보고 봤는데 7점대 초반까지는 아닌듯,1
train_1578,아~~이런영화는 극장에서 봣어야 하는건데~~,1
train_1579,흥행보증수표 전미선씨가 나와도 의지앞에선 망하는군요.,0
train_1580,그다지 권하고 싶지 않은 영화.,0
train_1581,야심찬 기획이였지만 어색하고 민망하다.,0
train_1582,난뭐1980후반~1990년대초반영환줄알았다배경음악센스꽝,0
train_1583,"아,,,, 너무좋고,가슴을 찡하게만드는,,,",1
train_1584,간만에 웃으면서 볼 수 있었던 영화!,1
train_1585,이때에 비하면 정우성의 연기력은 대성한거다,0
train_1586,사이코 마누라의 과거를 좇아가자 모두가 사이코가 되는 걸작,0
train_1587,어렸을때봤던건데 다시봐도 유쾌하네요,1
train_1588,심지호.. 연하남 ㅠㅠㅠ 아.. 완전 귀엽다.. ㅠㅜ,1
train_1589,0개는 없네..보는내내 불쾌하고 짜증남 어이없는 사투리..ㅋㅋㅋ손익120만인데 왜 7만으로 폭망했는지 알수있음ㅋㅋㅋ 배우빨로 7만 겨우 된거ㅋㅋㅋ 아 진짜ㅋㅋㅋ 안웃으면 욕쓸거 같아서ㅋㅋㅋㅋ,0
train_1590,"난 좋았다. 1.5시간동안 아이반과 같이 맘졸였고, 분노했고, 안도했다.",1
train_1591,ㅋ,1
train_1592,울컥하는 사회현실 ㅠㅠ,1
train_1593,말이 필요 없다 정말ㅎㅎㅎㅎ,1
train_1594,심리 범죄 스릴러 걸작,1
train_1595,분위기는 그윽하니 괜찮다,0
train_1596,난 보는내내 그냥에로영화인줄알았는데 이게네이버에올라와있네.,0
train_1597,그림체도 동화같으면서 후반에 배타고 엄마찾으러 가는모습이 앙증맞아 ㅋㅋ,1
train_1598,"심리분석이 뛰어난 영화, 반전이 일품이다.",1
train_1599,삼풍백화점 붕괴 사고를 소재로 한 아주 잘된 영화인데 평점이 아주 짜네요.,1
train_1600,이제 성룡을 놔줄때가 되었다. 굿바이 따거...이제 고전영화 재개봉할때나 가끔 봐요,0
train_1601,너희들때문에얼마나시간잡아먹었는지아느냐!며큰고압적인목소리로욕하는정일성촬영감독/울음을터트리는여자아이/고개돌려이를외면하는임권택/연예가중계영상내가직접시청함.악의적인편집구라?영상이증거.자녀는소유물x수치심을겪는것은16세본인임.길소뜸13세여노출정사협박강제촬영,0
train_1602,"먼가 만들어 보겠다는 감독의 의도는 좋았으나, 초반의 지루함과 두주인공의사살..",0
train_1603,시사회 다녀왔는데! 시간이 후다닥 지나갔어요! 많은걸 생각하게 만든 영화인거 같습니다!,1
train_1604,이 지구에서 가장 영향력있는 배우는 이소룡 아닐까? 그리고 그를 그렇게 만들어준 작품중 하나가 정무문이지,1
train_1605,아래 누가 이거 묻힌 영화라 하는데 먼소리냐. 북미에서도 그렇고 인기 많았던 영화다. 요새 나오는 미드와는 분위기와 무게부터가 다른 걸작이다.,1
train_1606,"별이 백만개라도 부족한 영화.. 레오나르도 다빈치의 천재성 가득한 작품들과 버금가는 가치라고 감히 평가할 수 있겠다.. 아래에서 언급한 매트릭스, 제5원소 등.. 모든 헐리웃 SF를 아류로 만들어버리는 초 예언적 스토리와 시대를 초월한 압도적인 스케일",1
train_1607,저도 오늘 밥먹다 우연히 ebs에서 봤는데 울었습니다... 참고로 29세 남자임...,1
train_1608,학교에서 봤는데 너무재미있어서 올립니다,1
train_1609,김치워리워보다 나으면 됬지 뭐...,0
train_1610,"황혼 부부뿐만 아니라 결혼한 부부라면 이 영화를 통해서 많은것을 느끼게 할...좋아하는, 연륜있는 두 배우의 연기에 빠져서 보았다.",1
train_1611,뭐라구? 다시 말해봐 정말 판타스틱하다구판타스틱하게 노잼임 진심 영화관에서 탄식 나오는 영화 첨 봤다 ㅋㅋㅋㅋ,0
train_1612,롱테이크가 주는 장점을 연극으로 소화해내는 송일곤 감독. 실비아로 모든게 용서된다,1
train_1613,지브리의 흑역사,0
train_1614,아.........왜케 질질 끌죠?? 진짜 너무 말도 안되게 질질끄네요. 아 답답해요..,0
train_1615,연기가 진짜ㅋㅋ 국어책읽는건 양반임. 연기를 못하면 외모로라도 뽑든가... 이건 양쪽다 폭망,0
train_1616,크레딧이 올라가면 시속 400km로 잊혀지는 영화,0
train_1617,최악의 영화.. 아주그냥..,0
train_1618,보지마라 시비6ㄹ 개핵노댐,0
train_1619,비디오판 영화(전에 봤음,0
train_1620,최근것..3부작중에 1부..이게 최고다!!!~,1
train_1621,"우선 아이언 스카이 카페 매니저로서 10점을 너무나도 주고싶다. 이 영화를 위해서 시간도 많이 할애를 하였고, 노력도 많이 했다. 단, 불법 공유가 다른 영화들에 비해서 너무 빨리 이루어져 버렸고 관념도 우리나라와는 너무달라 흥행을 못한 이유라고 생각",1
train_1622,비참한 심경이다. 아무리 영화라지만 용원님이 이런 수난을 겪다니 가슴이 찢어진다,0
train_1623,친척형이랑2006년에봤다가미안해OOO줄알았음..이게영화임?내가 찍어도80%는낮겠다.,0
train_1624,"""팔찌 하나만 사서 """"실은 너줄려고 산거야 소정에게 다 이야기했어 이요 사랑해 내가 몸이 부서져라 일해서라도 널 행복하게 해줄께 사랑해 이요"""" 이랬더라면~""",1
train_1625,문식이형 연기 굿,1
train_1626,DVD로 빌려봤는데 정말 시간이 아깝다,0
train_1627,약 2년전에 티비에서 봣는데 정말 잼썻는뎅...평점준사람 나까지해서 총 5명;;; 안습,1
train_1628,이 영화가 대박 친 이유 찾기가 대학교 시험만큼 어렵다.,0
train_1629,MBC는 왜 이드라마 반영하는건지... 사람들 평보면 모르나? 저작가... 정말 유치하자나. 왠만하면 이런데 글안적는데 도저히 참을수가없다!!! 정말 컨셉도없고 느낌도없고 짜증만나는 드라마네.,0
train_1630,외로울 겨를없는 섹스 그리고 난교,0
train_1631,가짜 레옹. ㅅㅂ,0
train_1632,클레 집을 나오며 조엘의 큰 키 밑으로 바짓가랑이 흩날리는 뒷모습 왜 저는 그게 울컥.,1
train_1633,이 영화는 태어나서 한번쯤은 꼭 봐야하는 영화라고생각합니다. 쿡티비에서 무료더군요 꼭 보시고 평점남기세요 10점 안남기고는 못배길꺼에요^^ 상상 그 이상의 영화,1
train_1634,뜨하...1편에서 뭘 먹고 일케 진화한 거여... 1편은 재미 없고 2편만 재밌다는 사람들 많은데 그렇다고 1편 건너뛰고 이거부터 보고 그러지는 마시길. 반지의 제왕을 왕의 귀환부터 보는 꼴 됨ㅋ,1
train_1635,그래..이 아마추어 같은 것들아..,0
train_1636,에이 너무하네 평점까지 매겨야돼? 너무 심하잖아 배트신용카드가 뭐야?대체,0
train_1637,몰입감도 좋고 흐름도 좋고 전반적으로 괜춘한 영화,1
train_1638,취지는 좋았다.,1
train_1639,그냥 다 보고 딱 한마디 모냐 .................스토리 어쩔 ...............,0
train_1640,더빙...생각이 있는 양반들인가 안그래도 현실에서도 유행어들 OO같다고생각하는데 애니에서까지..;;기가 막힌다 차라리 쌍욕을 넣지그래,0
train_1641,반전의 반전을 거듭했던 영화 스릴도 있었고 재밌게봤습니당,1
train_1642,키무라 요시노 때문에 보긴 봤다만.. ;;;,0
train_1643,특히.마지막 장면. 무궁한 상상의 나래를 펼치며ㅡ,1
train_1644,소재는 유치했지만 연기의 깊이도나 내면의 흐름이나 구상은 생각외로 너무좋았음 근데 남자주인공 진짜 개존잘..하앍...!,1
train_1645,"역시 영화는 감독의 역량에서 결정이 난다는 것을 증명한다.엉성한 스토리, 어설픈 연출, 성능좋은 캠코더로 찍은 듯한 70년대비디오를 보는 듯 하다.배우들을 보고 영화를 봤는데(물론 김승우는 예외) 감독이 모지라도한참 모지라다.",0
train_1646,"스토리의 개연성, 연출 그리고 연기력도 정말 보잘거 없다. 영화라기보다 삼류 드라마같다.왜 이런걸 만들었는지 오히려 촬영지인 충북 단양만 먹칠한거 같다. 보면서 딸로 나오는 송인화라는 여자가 매력있던데, 보니까 대마초로 적발. 순해보이는 사람이 더한다",0
train_1647,혁명적으로 예쁘고 슬픈 영화! 눈이 퉁퉁 부어도 보길 잘했다고 생각한다.,1
train_1648,너무 감동적이고 끝이 안타깝지만 딸의이름을듣고 울컥했던영화다 이영화를보고나면 몇분동안은 멍하게되는 영화인거같다 벌써 이영화만 4번째로 보고있다 ㅎㅎㅎ,1
train_1649,"고결하고 숭고하며, 순결하고.... 아름답다.근래 본 영화 중 가장 깊숙히 가슴속으로 들어온다.나는, 미자 할머니 처럼 살 수 있을까? 이 영화에 나오는 인물 중가장 참된 인간으로서의 존엄을 지키고 간 것이 미자 할머니뿐이다. 인간답게 사는 것.",1
train_1650,봄을 더욱 애틋하게 만드는 한 편의 시,1
train_1651,볼만해요..,1
train_1652,완전 배꼽빠지네요ㅋㅋㅋㅋㅋ 강추!,1
train_1653,이 영화를 재해석한게 인시디어스와 컨저링 같네요~ 80년대 초반인걸 생각한다면 수작.,1
train_1654,심장이뛴다!! 수고하셨습니다 모세의기적!! 잊지않고 지킬께요 소방관대원분들앞으로도 잘부탁드립니다 힘내세요!!,1
train_1655,무거운 상처를 잔잔하고 먹먹하게 그려낸 흑백 영화. 제주도 방언은 분위기가 쳐지는 것을 막는다. 담백하게 잘 잡힌 영화. 일베충들 니네가 날뛰어봤자ㅋ.,1
train_1656,경찰 조쉬하트넷과 해리슨포드의 하루일과를 영화화한...,0
train_1657,잘 기억은 안나지만 2번정도봣던영화.....정말 재밌었습니다!!!,1
train_1658,이건뭐지?,0
train_1659,이게영환가?쓰레긴가?,0
train_1660,깊은 곳에서 끌어올리는 내공있는 영화~☆ 추자현씨 연기는 정말 멋져!!,1
train_1661,주원 김아중 연기대밬ㅋ 노래부를때 심쿵함ㅋ,1
train_1662,한 6점 짜린데 점수가 너무 높게 돼있어서 1점 줌. 도대체 이게 왜 무섭다는지 전혀 이해가 안 가는 대목. 결말만 괜찮았어도 7점 정도면 좋은데 결말이 엄청 이상함. 감독이 끝에가서 피곤했는지 급하게 끝내고 망쳐버린 완성도 낮은 영화. 거품 잔뜩 낀,0
train_1663,"한국영화는 베껴고 욕 안 먹는군. 칼리토, 노웨이아웃 ㅋ 명작만 카피...근데 왜 이리 긴장감도 없고 재미는 더 없냐",0
train_1664,어른이봐도 잼잇는 내용들이지루하지 안코 즐겻움,1
train_1665,약간아쉽지만 괜찬다,1
train_1666,comegod.org 2012 년 반드시 온다. 2012는 심판이다.,1
train_1667,다시보고싶다..^^,1
train_1668,캬...대박...ㄷㄷㅋㅋ,1
train_1669,내가 본것중 가장 OO같은 전쟁영화. 제발 오우삼은 영화에서 손을 떼라.,0
train_1670,평소에 발견하지 못했던 것들을 한번 챙겨보게 한는 작품,1
train_1671,"ㅋㅋ재밌다..해적되서 배타고싶어졌음 모험돋음, 괴물들도 다양하고 세상의끝에서 떨어지는거랑 멋짐 .친구의여자를 차지한다는것은 예외였음",1
train_1672,엔딩 최고임. 여태껏봐온 미드중에진짜ㅠㅠ 걍최고라는말밖엔,1
train_1673,윤시윤씨 연기 정말 좋아요 매력적인 연기 지켜볼께요 화이팅,1
train_1674,보리야 보리야 아 또 울컥하네 목이 아프네요,1
train_1675,영화 그래픽이 뭐 이러냐?,0
train_1676,소방관님은 연금10배로 올려줘야함..ㅜ,1
train_1677,벨로,0
train_1678,정말 내가 제일 좋아하는 영화 시리즈!!!!,1
train_1679,눈속에서 나오는 상어..CG 보자마자...어의없어서 눈물나올려고함..이러니 흥행을 못하고 묻히지...,0
train_1680,씨알~ 제발 이런 쓰레기 영화 만들지 마라!!!,0
train_1681,유치하고 뻔하고...참고보려고 했는데 중간에 꺼버렸다.,0
train_1682,극강추 개재미있음ㅋㅋㅋ 내가 요근래 본 영화들중에 제일 재미있었던 영화 ㅋㅋㅋ 특히 켈리 후 개 매력적임 ㅋㅋㅋ 꼭 꼭 보시길 ㅋㅋ,1
train_1683,차라리 야1동을 보자 ㅇㅋ?,0
train_1684,"울 아들과 오랜만에 만난 조카위해 예매햇는데, 재밌었다고. 하네요^^",1
train_1685,처음봤을땐 프랑스문화에 적잖은충격. 두번째봤을땐 유쾌하면서 아련했던. 마지막 줄리델피의 나레이션은 언제나들어도 뭉클하다...,1
train_1686,"""벌써 개봉된지 14년하고도 반이 지났네요. 갈림길에 서있는 그가 꼭 재가 된 듯 합니다. """" 내일이면 태양이 또 떠오를거니까"""" 그처럼 열심히 살아 보려고 합니다.""",1
train_1687,ㅋㅋㅋㅋㅋ 공포영화냐 액션영화냐 여주인공이 쇠파이프들고 귀신을 관광보내지않나ㅋㅋㅋㅋ,0
train_1688,3시간중 30%는 술먹고 20%는 결혼하고 1% 고뇌하는 영화.,0
train_1689,오늘 보고 나왔는데 정말 잼있네요~애들이 엄청 조아라하네요~가족영화로 강추입니다~~^^,1
train_1690,왜 이리평점이 높지...배우들은 참 좋은데..각본이 이따위이니..,0
train_1691,"재미없으이... 각인된 첫사랑을 잊고 극복하기 위한... 다음의 사랑을 선택하는 것을 너무 억지스럽고, 현실적으로 말도 안되는 설정으로 그려놓은 망작? 이거 뭥미? ㅡㅡ",0
train_1692,아이리스2 같이 초대형 블록버스터라고 잔뜩부풀린 어설픈 첩보드라마보단 이런 액션스릴러 요소가 간간이 들어간 탈주극 추격물이 훨씬 나은것같다 나름 감동과 반전도 있고...,1
train_1693,정말재밌다 한국영화의 발전을보여준영화,1
train_1694,1탄보고 기대한 내가 바보였다,0
train_1695,최고의 영화 정준용만 빛났다.,1
train_1696,여곡성 리메이크작품 보고 싶다,1
train_1697,"망함, 님들 제목에 속지말고 보지마셈.",0
train_1698,일단봐,1
train_1699,줄리엣 비노쉬란 배우에 대해 다시 생각하게 되었다..,1
train_1700,서태지 최고다,1
train_1701,"감독의 다른 작품이 궁금해지는,좋아하는 곡이 쓰여 반가웠던,",1
train_1702,한 다섯번은 본 영화 같다. 그만큼 재미있다.,1
train_1703,ㅈㄴ 엉켜났네.. 원표데려다 놓고 뭐한거냐,0
train_1704,기대이하,0
train_1705,소재가 굉장히 참신햇다,1
train_1706,OOO,0
train_1707,잔잔한 감동이 있고 가족과 함께 보기 좋은 영화예요!!^^,1
train_1708,대박좋아요 너무잘만들었어요!,1
train_1709,남자들의 이야기..정말 감동~짱!,1
train_1710,반전의 반전이 멋지다,1
train_1711,간만에 영화보다가 욕하면서 껏네...애들 졸업작품이냐....,0
train_1712,반담 너무 멋있네...처음부터 끝까지 본영화^^,1
train_1713,스타일리쉬 한 영화다 재밌었다!,1
train_1714,무사백동수정말재미있었어요. 그래서아직도무사백동수앓이를하고있는한소녀랍니다.,1
train_1715,tv판 생각해서 높게 주는 평점. 후미토가 순정남이라 설레더라...,1
train_1716,개 쓸엑이 영화 그래픽 티 부끄러울 정도로 남 스토리도 개쓸,0
train_1717,머니볼 정도를 기대했건만.. 밋밋한 스토리에 다 보이는 내용,0
train_1718,하지원님포쓰짱 ㅋㅋㅋㅋ,1
train_1719,극한의 무서움은 극한의 허탈감에서 나온다는 것을 알게 해 준 영화. 현대인의 돈에 대한 소유욕과 시간에 대한 경각심을 일깨워 준 영화. 이영화를 본 사람이라면 자신의 만원과 80분에 대한 소중함을 알아차릴 것이다.,1
train_1720,보다가 숨막혀 죽는줄 알았다,0
train_1721,삶은 순간의 연속이다.,1
train_1722,굿잡베리베리 굿 베스킨라빈스에서 베리베리스토르베리를먹는 느낌이군,1
train_1723,김주혁 전도연 정말 잘어울려요^ㅡ^ㅋㅋ,1
train_1724,재밋어요 ~,1
train_1725,히치콕과는 `천지`차이,0
train_1726,"줄거리와메카닉 다자인은독창적?포스터의 자세마저도,표절.목불인견.",0
train_1727,"가슴 따뜻한 감동을 주는 영화,한편의 좋은 연극~,더불어 좋은 노래 If I didn't care",1
train_1728,완전 잼나고 신났어요감동임 1 2편 다재미있고 3편이 빨리나왔음 해요♥,1
train_1729,ㅅㅂ다 봤다.. 힘들었다.. 개 유치함.. 홍수아 서지석때문에 봤다.. 세상에나.. 배우값을 못 한 삼류영화.. 뭔 내용이 이래.. 진짜 작가 제작자 샹.. 감독은 감독생활 오점이다.. 차라리 유명 에로가 낮지.. 홍수아..오빠가 1점밖에 못 준다..,0
train_1730,실종이나 악마를 보았다나 보고나서 기분 드러운건 매한가지다 그래도 악마를 보았다는 그나마 흥미가 있고 집중하게 한다 어릴때부터 봤던 손에 꼽을 정도로 촌스럽던 영화 투캅스 감독님 그냥 노잼,0
train_1731,내가 가장 아끼는 영화.,1
train_1732,"노출신이라도 우아하게 표현좀 하고(이왕촬영하는것좀,,ㅡㅡ,), 남주를 영화 분위기랑 맞는 배우를 섭외 했어야지~! 우리나라 연기 잘하는 배우들 많은데, 섭외 미스인 대표적 영화!!",0
train_1733,내 마음의 평화도 좀 지켜주지,1
train_1734,뱀파이어 영화의 최정상,1
train_1735,정말 볼만한영화입니다소소하고 평이하게 보일지 몰라도 몇번을 봐도 질리지 않을 정도로 매력있는 영화보고 또 봐도 시간이 흐르면 또 생각나는 가슴 따뜻해지는 영화,1
train_1736,재미무,0
train_1737,"""알바에 속은 일인ㅡ""""ㅡ돈 아까워 분노가 치민다!!!!""",0
train_1738,"90년대 TV단막극을 보는 느낌, 뻔한 반전과 식상한 스토리",0
train_1739,헛주먹을 적시는 비 무슨뜻인가요? 니암리슨이 더이상 늙지 않았음좋겠다. 계속 그를 보고싶다.,1
train_1740,아니 이때 참 웃긴게 다들 그냥 물타기 식으로 멋있는 척을 했던게 기억이난다ㅋ 멍청한것들이 뭘 안다고ㅋ 딱 봐도 이건 롱타임상 평론가들이 좋아할 영화인데ㅋ 참 보면 영화 흥행되기 쉬워 앞뒤 다 짤라먹고 큼지막히 이런 여운만 주면 끝이니까^^ 걸작은no,0
train_1741,맥라이언의 새로운 모습.. 나는 그녀의 나이 듦이 좋다..,1
train_1742,재밌어요 옷예쁨,1
train_1743,처음으로 영화를 보며 공감의 눈물을 흘렸다,1
train_1744,부풀리기 편파방송에 대한책임은 지셔야죠 고발의식은 좋은데 충분히 검토하길바랍니다,0
train_1745,일에 찌들려사는데.. 영화보는 동안 숨이트이네요,1
train_1746,별루//,0
train_1747,시작하고10분도안돼서전편과감독이다른가?왜이러지??;;;;를 느꼈다ㅡㅡ.....이런 졸작으로 감히 무간도이름을 쓰다니,0
train_1748,보는 내내 불편했다..억지 인물관계.. 억지 감동...,0
train_1749,윤호 총각은 안오는가?? OOO...맛들어 구먼ㅋㅋ,1
train_1750,캐릭터 디자인만이라도 어떻게 바꾸던가..,0
train_1751,우하하,0
train_1752,그들은 지금 무얼하고 있는가??,0
train_1753,내용이고 뭐고 전체적으로 너무 어이없다~~~,0
train_1754,벤 킹슬리의 압도적인 연기를 통해 간디의 삶을 느꼈다,1
train_1755,황산벌은 충남 논산지역이고 백제는 경기 충청정권인데 왠 전라도 사투리? 사투리를 써야 했으면 충청도 사투리가 맞다. 전라도는 백제 와 별 상관없다. 백제 문화 궁금하면 충남 부여 백제문화단지 견학해라.,0
train_1756,이거보려고 ㅠㅠ 오만짓을 다했던 재밌눈뎅,1
train_1757,아 제이콥 너무 좋아미치겠네,1
train_1758,"난 너무 좋았다. 시나리오도, 음악도.. OST어디 없을까????? ㅠㅠㅠㅠㅠㅠ",1
train_1759,얼굴로 연기하는 배우.,1
train_1760,뉴하트도 보고 로얄패밀리도 봤지만 킬힐은 정말 지성 인생 드라마,1
train_1761,"굉장히 가슴 뭉클한 설정이긴 하지만, 이웃집 베트남 아이를 위해서 자기 목숨을 바치는 보수적인 미국인 할배라니? 아무리 그가 과거 베트남전의 죄책감에 빠져있다 해도 자기 목숨을 내던지다니? 넘 비현실적이고 과한 설정 아닌가? 감동적인 결말만을 노린.",0
train_1762,미르 정말ㅋㅋ 저희 아이들이 너무 좋아하더라구요,1
train_1763,결국 이렇게 될것을... 사람들말을 들을걸..보지 말걸...,0
train_1764,평점좋고 누가추천해서 봤다가 욕나올뻔.. 이게 어디가 재밌다는거??,0
train_1765,생각없는 여자들이나 좋아할 영화.,0
train_1766,왜 마이너스는 없나. 함익병 같은 사람 출연시키지 마라,0
train_1767,와 드라마 몰입도 장난아니에여ㅠㅠ입벌리고 보는 저를보고 깜짝놀랏어여ㅎㅎ 앞으로 전개가 어찌될지 기대되네여 완전재밌어욤!!!!,1
train_1768,기대없이 봤는데 흙속의 진주??,1
train_1769,감동!!! 친구랑 가서 또 봐야겠어요...,1
train_1770,정말 스릴있고 개성만점인 영화다.,1
train_1771,한마디로 시간이 아깝다,0
train_1772,정말 상상을 초월하는 애니다 ㄷㄷㄷㄷㄷㄷ,1
train_1773,전 진짜공감하고재밌게봤어요 8점은될영화가 7점대라 10점찍습니다,1
train_1774,제시카 알바의 발연기가 일품,0
train_1775,"인투더스톰 나온다는 정보듣고 부랴부랴 만들기 시작한거같다. 아니, 어쩌면 상대적 우월성을 가지려는 인투더스톰의 수작일지도.",0
train_1776,출연진모두 다 귀여운 시트콤ㅋ,1
train_1777,굳 좋아요 엄청 많이 좋아요,1
train_1778,"영화 소재,영상,스토리마저도 흥미를 느낀다 냄새에 대한 광적인 집착과 깨달음.현실 속 삶에 대한 교훈과 강렬한 자극을 주기에 충분하다",1
train_1779,찐한 여운과 함께...내 인생 최고의 미드,1
train_1780,김규리 크크크크킄 이 정도로 연기 못하는 줄 이제 알았다!!,0
train_1781,"좋았어요연기, 음악 모두... 춤도 볼만하고보아 연기도 괜찮았어요",1
train_1782,시간이 남아돌아밖엔 나가고 싶고 정말 딱히 진짜 할꺼 없을때이영화보며 시간 떼우세요,0
train_1783,메시지가 좋다. 누구나 다 화려한 청춘일 순 없지. 내 인생의 잉여만 안되면 되는거임.,1
train_1784,"별10점은 다 알바인줄알았는데... 이 영화는 정말 괜찮은 영화라 생각되네요.. 영화를 만들거나 좀 아시는 분들은 공감하실껀데,, 대본부터 연출, 배우 케스킹까지 정말 정성과 섬세함을 느낄 수있는 영화네요^^ 화려함과 배우들의 연기실력은 덤ㅋㅋ 최고!",1
train_1785,시청률이...하이킥3보다 훨씬잼있어요ㅋ,1
train_1786,왜 이래 아마추어같이,0
train_1787,역시 최고의 영화 감독 중 하나. 미국 문화에 대한 조소가 재미있다.,1
train_1788,각본 영상 연출 편집 연기 두루두루 정점에 올라있는 영화,1
train_1789,스릴도 있고 여주가 치명적인 매력도 있다ㅎㅎ,1
train_1790,장르가 궁금하다.,0
train_1791,이 영화를 완성도로 따진다는건 당시에 안봤단 얘기... 문화 쇼크였다.,1
train_1792,도미닉 모나한의 새로운 모습을 볼수 있어서 만족~,1
train_1793,보진 않았지만 평점덕에 안볼랍니다 ㅋㅋㅋ,0
train_1794,최악!민폐덩어리년!,0
train_1795,차가 주인공인 영화. 모터쇼를 보는게 낫다는 결론,0
train_1796,강기준!? 땜에 봐야겠네....어흐~ㅎㅎ,1
train_1797,좋은 소재를 망친 영화. 내공이 약하다. 상당히 많이 가다듬으면 열광할 소재.,0
train_1798,최근 본 사랑 이야기 중에 가장 재밌어요ㅎㅎㅎ배우들 연기도 좋고 대사들도 재밌고 멋진 말 많이 나오네요..ㅎㅎㅎ추천합니다!!,1
train_1799,완죤재밌어너목들끝나고볼거리를제공해줬어요너무빨리끝나서아쉬워요,1
train_1800,그래픽수준이 20년전이군 완전 초저예산 영화에 임팩트나 긴장감이 없는 재난 영화 어디서 긴장해야되는거야 대체,0
train_1801,갈수록 흥미진진하네요. 담주가 넘 기대되요. 부캡화이팅.,1
train_1802,너무나 감동적인 영화입니다. 이 영화를 강추하고요 꼭 보셨으면 하는 영화입니다.ㅎ,1
train_1803,능력은 없는데 눈은 젼나높다.,0
train_1804,너무 재미있게 봤어요!!^^ 너무 슬프고...ㅠㅠ 잠 안올꺼 같아요 ...,1
train_1805,영화 스토리가 엉뚱하다 못해 웃기다. 스토리 자체가 허술하다.,0
train_1806,굉장히 섬세하고 좋은 영화였어요^&^,1
train_1807,ㅎ,1
train_1808,최고의드라마다.. 양동근 그는 최고의 배우,1
train_1809,연출도 스토리도 배우도 배경음악도 트릭도 섬세하고 정말 재밌고 좋다♡,1
train_1810,아무리 B급이지만..킬링용으로도 아깝다...ㅠㅠ,0
train_1811,마지막 장면에서 갑자기 소름돋는걸 느겼다...,1
train_1812,네오나치~ㅋㅋㅋㅋ 정말 재밌다~!,1
train_1813,억지. 억지 영화였다 포장된 감동과 억지 감동 발레만을 그려낸 사상 영화,0
train_1814,"너무 재밌게 잘봤습니다.주조연 연기자분들 연기도 다좋았구요.특히 이상윤,구혜선씨 두분 잘어울리고 넘 예쁘게 연기 잘한거 같아요.대사도,ost도 넘 잘어울려 좋았구요^^간만에 맘에 쏙 드는 이뿐 드라마였어요.감사!!",1
train_1815,맷돼지 CG보다 끔찍했던 줄거리.,0
train_1816,8.56?? 말이 안되지...실화를 영화화 한 영화다운 영화,1
train_1817,평점잘준사람 양심도 없음..완전 ㄱ ㅐ쓰레기영화..발로만듬,0
train_1818,"무당들의한,그리고한인간으로써의한,그리고우리들의한...죽음...",1
train_1819,"""아주 큰 교훈을 얻었다 """"야한장면을 보고 싶으면 야동을 보라""""""",0
train_1820,유명배우 나오지만 스토리는 쓰레기,0
train_1821,최고 그냥 최고다ㅠㅠㅠㅠ,1
train_1822,여친하고봣는데 좋았어요,1
train_1823,우연히 보게됐는데 담날 출근해야하는데 새벽 3시반까지 보다 잤음 그정도로 빠져들게됨,1
train_1824,80%줄거리 뻘짓장면 20%줄거리 재난장면,0
train_1825,시간이 넘치게 남아 주체할수 없을때 보세요. 음.. 아닙니다. 그냥 보지마세요.,0
train_1826,님아 서진은 오나라가 멸망하기 전에도 있었어요(사마염이 통일) 니는 약간바보임,1
train_1827,앞뒤 개연성도 없고... 산까지 쩔뚝거리고 왜 쫓아와...,0
train_1828,소재와 배우들은 매우 좋았지만 그에 대한 호기심을 채우려고 봤다가 영화는 신중하게 골라 봐야한다는걸 깨달은 영화. 뭔가 더 있을것만 같은 느낌으로 결국 없이 끝났다. 이걸 예술적이라고 해야하나 낭비라고 해야하나,0
train_1829,그래서 한진 중공업이 노조 탈퇴하니 마니 난리였지. 고맙다 대한민국 강성노조. 돈되는 대기업만 가서 시위 해주는 나쁜놈들아.,0
train_1830,옛날 영화의 무시 못 할 파워..재미있다..특히 카를로가..크크크,1
train_1831,와..시사회로보러갔는데 진짜영화보면서 안자는데 ...푹잠...영화소개프로그램보고 재미있을거 같았는데 그게내용전부....진짜......지루하다,0
train_1832,박지성은아직죽지안앗당... 진짜 재밋엇음ㅋㅋㅋㅋㅋㅋㅋㅋ짱,1
train_1833,별 1개도 아깝다.,0
train_1834,조니뎁의 매력이 잘 보여진 영화 하지만 지루한 영화,0
train_1835,작가 시각이 왜곡된거 아니예요,0
train_1836,너무 어려서 봤나??,0
train_1837,음..cg만 훌륭했고.. 내용은 뭐 그닥밀라요보비치는 좀비아니면뱀파이어구만 ㅋㅋㅋ,0
train_1838,완죤 재미있는 영화,1
train_1839,ost도 좋고 영화도 좋고,1
train_1840,치토게 미만잡 ㅎㅎ^^,1
train_1841,오늘 3번째로 봤는데 역시~,1
train_1842,0점 왜 없죠??? 수면제 영화입니다 자고 싶을때보세요,0
train_1843,인생의 오아시스.,1
train_1844,뭐야,0
train_1845,창피한줄 알아야지...,0
train_1846,다른 미드 많이 찾아보았는데 24에 비하면 김빠진 콜라맛. 아 이제 뭘보지?,1
train_1847,아이들이 굉장히 좋아해요,1
train_1848,어린 고지라 무자게어설프네 인형에 사람 있는거 너무 티나잖아,0
train_1849,빛나거나 미치거나에서 지수원보고 이거 생각나서 다시봤다 젊었을때 쩔었네ㄷㄷ,1
train_1850,정말 굉장한 작품 무슨 말을 더 하리,1
train_1851,세상이 똥이라는 걸 꼭 빅똥을 투척하면서 강조해야겠냐 으이구,0
train_1852,이거 어린이날에상영하면안되나요 ㅜㅜ나이가15지만 보고싶어요!!!!!!,1
train_1853,외국인들이 한국인들 평균수준을 알기에 참 좋은 영화인것 같아요.,0
train_1854,페미나치들아 니들이 어린남자 처묵하면 안보여 안들려 하는감 여자이면 별 지알을 다할듯,0
train_1855,미치도록 슬픈..그래서 무서운..하나의 진혼곡을 듣는 기분..,1
train_1856,여라븐 에브디 바리. 이건뭐지?,0
train_1857,정신나간 국뽕 자위질 쓰레기 영화,0
train_1858,생각 이상으로 멋진 작품을 찍고 있는 배우들 힘내세요 .,1
train_1859,솔직히 별로였음.. 초반에 뜬금없이 첫눈에 반해서 둘이 사귀게된것부터 충격ㅋㅋ,0
train_1860,화이팅!!퀴어들이 자유로운 그날까지..,1
train_1861,"올 여름 본 영화 중 단연 최고의 힐링 영화였다. 간간히 터지는 웃음 포인트와 주인공의 좋은 연기, 끝내 파도를 가르며 멋지게 보드에 올라선 그녀의 모습에서 나 또한 많은 용기를 얻을 수 있었다. 당장이라도 바다로 달려가고프게 하는 영화.",1
train_1862,결론은 자신의 소설을 말함 이걸 모르나 마지막 장면에서 세여자가 나타난 장면은 모든 세주인공은 자신이라는 말함,1
train_1863,소설도 읽었지만 지루한 건 어쩔 수 없다.,0
train_1864,의도를 모르겠슴 끝나고 그래서 뭐 어쩌라고 하는느낌? 조오롱스포츠,0
train_1865,괜히 머리 밀고 열심히 한것같다만...망작...,0
train_1866,공포영화 분위기만 난다. 공포감은 없다.,0
train_1867,2001년에 개봉했다는것은 스릴러,0
train_1868,모든게 신선했던 영화,1
train_1869,"소치올림픽기념^^ 우정,가족,꿈,용기,유머,명대사 등 모든것이 완벽한 영화.",1
train_1870,감독은 니가 찍은 이영활 보고 행복하냐?,0
train_1871,솔직히 누구와 어떻게 아니면 혼자 어떤 기분으로 보느냐에따라 달라질수 있는 영화인것 같다! 개인적으론 최고였음 이 영화는,1
train_1872,"애니로만 봤을 때 처음에 의문을 가진 점이 있었다. 후미토 이 남자, 도대체 무엇인가? 극장판으로 보았을 때 비로소 모든 의문이 풀렸다. 목적을 이룬 사야, 이젠 어떻게 할 것인가? 극장판 2를 기대해본다.",1
train_1873,꼭!!추천!!남자말고 여자들이봐야할 영화!!,1
train_1874,다이빙벨은 대한민국 국민이라면 누구라도 보고 느껴야할 현실이다꼭 보고 함께 공감하자,1
train_1875,울고양이랑 이름이같아..ㅋㅋ너~~쩜마이 재밌드라^^*,1
train_1876,이 영화가 이토록 평점이 높은 이유를 몰겠네요. 대체 뭔 얘기를 하자는 건지..,0
train_1877,처음부터 계속 지루하게 얘기만 나누네요. 30분 정도 억지로 보다가 말았어요.,0
train_1878,^^^^%%%★★★÷÷÷===,1
train_1879,기본줄거리만 갖추고 나머지는 그때그때 끼워맞추기로 때우다.,0
train_1880,겁나 재밌음. 스토리좋고 배우좋고 연기좋고~ 정식 개봉해도 인기끌뜻.,1
train_1881,무서운 영화였어. 그리고 두 남매가 불쌍해. 전쟁이라서....,0
train_1882,에바임,0
train_1883,별다른 노력없이 돈많은 남자 하나만 잘물으면 성공할수있다는걸 보여준다. 완전실망,0
train_1884,사기 범죄 영화의 명작. 최고의 명작.,1
train_1885,아존내 별점주기도 싫다 그지새끼들 아시바 아스팔트에 니네 얼굴갈아뿌까 ㅡㅡ,0
train_1886,그지같애 이거 공감하는 애들은 도대체 걸래같은 인생을 사는 그런부류?,0
train_1887,"몇몇사람들만 알만한내용, 고로 표현력 제로 영화",0
train_1888,명작인데 리메이크는 망작,1
train_1889,2014년 최고의 영화,1
train_1890,이건 보는 영화가 아니다.,0
train_1891,nothing and nothing,0
train_1892,또하나의 감동영화.세월호사건이 선진미국에서 일어났다면 결과는 매우 달랐을것.,1
train_1893,뭐지 이건..,0
train_1894,정말너무너무재밌네요 가족끼리보기참좋은 영화인것같습니다^^♥,1
train_1895,초반에 일상적 이야기라 지루했지만중후반부 갈수록 더욱 몰입.진짜 리얼. 그리고 연기가 아닌 진짜 경찰들의 이야기 같았음.. 강추!,1
train_1896,"너무재미있고,감동스러워요..",1
train_1897,이송희일 : 관심받고싶어서 디워까댄거에요 죄송해요 ㅠㅠ,0
train_1898,이게 뭐야...,0
train_1899,와...허세기 대박인 영화....,0
train_1900,dp때의 그 감동적이고 깔끔한 스토리는 어디로 증발한거냐?10주년의 다크라이가 너무 감동적이여서 15주년을 얼마나 기대했는데 스토리 진짜 쓰레기네역시 극장판 최고는 아르세우스와 다크라이다,0
train_1901,최고라고생각함. 배우도. 멋짐,1
train_1902,"정말 나를로그인하게만드는영화... 영화관에서 안보길잘했다... 병원은실화일지몰라도.. 정말재미없다.. 차라리 그레이브인카운터를 4번보겠어요,",0
train_1903,이건 아니잖아,0
train_1904,멜로와 스릴러를 이렇게 조합할수 있다니 ...,1
train_1905,어제 개봉?ㅋㅋㅋ,0
train_1906,사일런트힐뺏긴 OO멋,0
train_1907,스토리의 흐름이 안맞음,0
train_1908,"작품을 중심으로 중간중간 단원들과의 에피소드로그녀, 그리고 그녀가 오롯이 반영된 작품들의 궤적을 훑는다. 3D의 은혜로 생생히 살아움직이는 몸짓들! 자연물들.",1
train_1909,연개소문 역에 최민수 뺴면 건질거 없는 졸작 드라마.,0
train_1910,광히?이 성괴새기는 왜나오는거임?,0
train_1911,갑수형님 짱임^^,1
train_1912,츠마부키 사토시는 이제 진짜 연기자구나...,1
train_1913,백인우월주의 도굴꾼을 미화시킨 영화라 생각함.. 명작이지만 수단이 잘못됨,0
train_1914,추천 고고씽,1
train_1915,예술의 본질과 어느 경지를 달성한 미장센,1
train_1916,꼭 한번 보면 좋을 영화 특히 여성분들,1
train_1917,OOO기 영화-프랑스 영화는 역시 쓰레기야,0
train_1918,개인적으로 잔잔한 영화 좋아하는데 이영화는 잔잔한게 아니라 지루하다,0
train_1919,재미없어요 ㅎㅎㅎ 왠만하면 재밌는데,0
train_1920,청춘영화다웠던거 같아요!,1
train_1921,어릴때 부터 봐와서 그런지 포스트가 너무 인상적임 !,1
train_1922,털렸네,1
train_1923,슬프다.........,1
train_1924,제목을 나가리... 미친콜로 바꾸면 대박날듯...,1
train_1925,주인공 애아빠 한심하고 질나쁜 인간땜에 좀 짜증나서 -1점 ..,1
train_1926,영화 평점은 안남기는데...정말...톰 크루즈는 로맨틱코미디 이런 쪽도 너무 잘어울릴듯. 팔방미인이 따로없어. 매력폭발인데 잘생기기까지해. 화면 보면서 탐 웃을 때마다 내 입가에도 미소가...ㅋㅋㅋㅋ,1
train_1927,이감독 대단한 색깔을 가진 영화를 만든다..,1
train_1928,로만폴란스키는 천재지....내가 최초로 팬이된 감독...이 감독 영화는 로즈마리베이비 20대초반에 보고서 필포의 반이상은 본것같음...피아니스트로 많이 유명세탔지...그전까진 아는사람만 아는 천재감독...,1
train_1929,"스케일 대박... 1,2보다 훨씬 크네요 헬기씬이 아찔해서 10점",1
train_1930,이런멋진신인을어디서!!^^ 시나리오가좀아쉬웠지만감동적임,1
train_1931,이딴걸 영화라고 만들었니?,0
train_1932,구구구극?극?ㄱㅅ굿굿,1
train_1933,"잔잔한 바다를 보는 느낌. 아무런 재미도, 박진감도, 그렇다고 진한 감동도 없지만 뭔가 넋놓고 바라보다 끝내 여운이 남는 영화",1
train_1934,많이 공감간다,1
train_1935,슬펐습니다. 안나와서...,0
train_1936,정말 마음따뜻해지고 힐링 제대로 되는 영화네요!! ^^,1
train_1937,박미선 김병만씨가 튀어나올거 같네요 나문희씨 중복된 캐릭터 중복된 시간에 좀 헛갈리네요. 평점하신분들 다들 재밌다 최고다 하는데 시청률이 왜이렇지? 나문희씨는 강한 어머니 연기는 질리네요,0
train_1938,나를 믿어주고 이해해주는 사람이 세상에 하나라도 있다면...,1
train_1939,재미가 하나도 없었어요 ㅜㅜ,0
train_1940,영화를 보기전까지 하비에르바르뎀은 매우 대단한 배우라고 생각했지만 보고나서 바뀌었다 그의 연기력은 이런 어마어마한 영화를 묻어버리는 악마의재능이다,1
train_1941,볼게없어서 보기는하다만...참....가면갈수록 화딱지나는드라마..화영엄마보면 참..그애미에그딸이라는말이나오지..배추자진짜..이화영..앞으로어떤드라마를찍을지..드라마보구스트레스받는최고네ㅎ,0
train_1942,글쎄요,0
train_1943,우린 서로를 고쳐준 것 같다,1
train_1944,90분간 내심장은 아주 잘뛰었다,0
train_1945,"(여성)할례는, 어, 그것은, 똘기를 들고 일어난, 하나의 그, 폭동이야.근데, 그러니까 정상인이기 때문에 정상인이 진압하지 않을 수 없잖아?",1
train_1946,그래도 끝까지 볼 수는 있는 영화. 남는건 없다.,0
train_1947,실소와 함께 따뜻한 미소를 지을수 있는 작품,1
train_1948,이반 클리프의 압도적인 비주얼과 전편에 비해 허잡한 씬들이 줄었다~,1
train_1949,요즘 재방하는거 보는데 눈물나게 감동임,1
train_1950,알파치노의 그 광기어린 연기...말이필요없다.,1
train_1951,하하하 그럼 전무송이 괴노인이겠네 ㅋㅋ 보고싶은 영화군,1
train_1952,또보고싶다ㅋㅋ,1
train_1953,우뢰매 중에서 완성도 정말 높은 수작,1
train_1954,감독은 소설을 거의 이해하지 못하고 있다.,0
train_1955,"T.S 의 매혹적 연기와 미학의 몰입도,",1
train_1956,10점 만점,1
train_1957,공포가 없는 공포 영화. 실없이 줄줄이 늘어 놓는 넋두리 같다.,0
train_1958,혼자보니 개무섭꼭 혼자보셈 같이보면 안무서울듯,1
train_1959,초반만 좋았듬,0
train_1960,살다살다 이딴 거지같은 영화는 처음봄ㅋㅋㅋㅋ,0
train_1961,이장호가 자꾸 이상해지는 느낌을 줬던..,0
train_1962,사무엘잭슨의 최고의 영화가 아닐까??,1
train_1963,다듬어진 격투액션은 대명의 손끝에서 나온다,1
train_1964,노답영화 이런건않보는게 답,0
train_1965,혹시 이거 더빙해놓은거 녹화해놓으신 분 계실지요?자료로 필요한 영화라~연기짱~,1
train_1966,"이정현의 연기력은 정말 엄청나다.... 이 어린 나이때부터 이정현의 연기력은 신적인 수준이었다... 정말 엄청나단 감탄밖에는...... 이정현... 진짜 대단한 사람.... 못하는게 없다... 가수, MC, CF, 라디오, 드라마, 영화...",1
train_1967,다시보기로 봤는데 무슨 대형기획사 소속 가수 콘서트에 가수 달랑 혼자 있나.. 무대장치스텝 매니저들 코디 다 어디가고... 어설프다..배우들 연기는 좋은데..,0
train_1968,음..의미없다~~~~,0
train_1969,몇번이고 보고 또 봐도 특유의 따듯한 분위기가 맴돈다,1
train_1970,좋은영화가 아닙니다. 하나님이 자신을 알리기 위해 사탄을 이용한다구요? 거짓말입니다 하나님은 그런분이 아니에요. 십자가와 복음이 능력입니다. 속지 마세요!,0
train_1971,무리라뇨..예쁜 여자 세명을 보고만 있어도 즐거운걸요..ㅋㅋㅋ,0
train_1972,그냥 AV를 찍는게 낳을뻔 했는데...,0
train_1973,내가 좋은 만화를 너무 많이 본게야...,0
train_1974,정말한심하다고 생각된다. 전형적인 싸구려 얼굴,0
train_1975,네 표절영화 잘봤습니다^^,0
train_1976,사토타케루 목소맄ㅋㅋㅋㅋㅋㅋㅋㅋㅋㅋ어디다 팔아 묵었냐?ㅋㅋㅋㅋㅋㅋ영화관에서 봤음큰날뻔했네,0
train_1977,엘리자베스 넘 이뻐 ^^,1
train_1978,아껴가며 보는중. 소신있는 사기꾼들의 이야기. 여튼 요즘 허슬덕분에 즐겁네요~,1
train_1979,도대체 -_- 이걸 본 사람들은 무슨생각을 하고있는건지 -_-,0
train_1980,아주 흥미로운 소재로 재미있게 보았습니다.,1
train_1981,영상이 너무 성의 없이 만들었어요,0
train_1982,굳,1
train_1983,내 인생 최악의 한국영화... 돈만 괜히 날려버린 생각..,0
train_1984,뭔지 모르겟음 감흥이 없어ㅛㅇ,0
train_1985,그냥 말이필요없는 최고,1
train_1986,사막귀신을 섬기는 무리들~~,0
train_1987,재미 있습니다.,1
train_1988,재미있다재미있다재미있다재미있다,1
train_1989,"브렌든 프레이저보다 늙어 보이는 아내와 아들... 주연 배우의 미스 캐스팅. 뭥미스러운 뜬금포 전개를 보여주는 한심한 각본 , 동양권에 대한 감독 및 제작진들의 지식 부족. 훌륭했던 미이라 시리즈를 순식간에 몰락시켜버린 답이 없는 속편.",0
train_1990,지금봐도 정말 재밌고 좋은영화다.,1
train_1991,"청춘, 그들은 너무 뜨겁다.",1
train_1992,분위기 괜찮네요,1
train_1993,재밌어요,1
train_1994,페이크를설정으로했음불을안켜거나촬영에목숨거는거에관객이의문을품지않게했어야지..,0
train_1995,사랑하고싶은 영화♥ 바위같은 편견 사이로 스며드는 빗물같은 영화,1
train_1996,0점은 줄수없구나...,0
train_1997,진짜재미있어요 강추 차태현 꺄 봉필,1
train_1998,잠입자 보다 재밌는데?,1
train_1999,보다가감동...진짜울뻔,1
